from,to,t,l,k,flow
m1_in,m1_q_l2,1,l1,k1,109.33056
m5_in,m5_q_l2,6,l1,k5,101.43122
m1_q_l2,ss,1,l1,k1,100.0
m2_in,m2_q_l2,1,l1,k2,100.0
m2_q_l2,ss,1,l1,k2,100.0
m3_in,m3_q_l2,1,l1,k3,100.0
m3_q_l2,ss,1,l1,k3,100.0
m4_in,m4_q_l2,1,l1,k4,100.0
m4_q_l2,ss,1,l1,k4,100.0
m5_in,m5_q_l2,1,l1,k5,100.0
m5_q_l2,ss,1,l1,k5,100.0
m1_q_l2,ss,2,l1,k1,100.0
m2_in,m2_q_l2,2,l1,k2,100.0
m2_q_l2,ss,2,l1,k2,100.0
m3_in,m3_q_l2,2,l1,k3,100.0
m3_q_l2,ss,2,l1,k3,100.0
m4_in,m4_q_l2,2,l1,k4,100.0
m4_q_l2,ss,2,l1,k4,100.0
m5_in,m5_q_l2,2,l1,k5,100.0
m5_q_l2,ss,2,l1,k5,100.0
m1_in,m1_q_l2,3,l1,k1,100.0
m1_q_l2,ss,3,l1,k1,100.0
m2_in,m2_q_l2,3,l1,k2,100.0
m2_q_l2,ss,3,l1,k2,100.0
m3_in,m3_q_l2,3,l1,k3,100.0
m3_q_l2,ss,3,l1,k3,100.0
m4_in,m4_q_l2,3,l1,k4,100.0
m4_q_l2,ss,3,l1,k4,100.0
m5_in,m5_q_l2,3,l1,k5,100.0
m5_q_l2,ss,3,l1,k5,100.0
m1_in,m1_q_l2,4,l1,k1,100.0
m1_q_l2,ss,4,l1,k1,100.0
m2_in,m2_q_l2,4,l1,k2,100.0
m2_q_l2,ss,4,l1,k2,100.0
m3_in,m3_q_l2,4,l1,k3,100.0
m3_q_l2,ss,4,l1,k3,100.0
m4_in,m4_q_l2,4,l1,k4,100.0
m4_q_l2,ss,4,l1,k4,100.0
m5_in,m5_q_l2,4,l1,k5,100.0
m5_q_l2,ss,4,l1,k5,100.0
m1_in,m1_q_l2,5,l1,k1,100.0
m1_q_l2,ss,5,l1,k1,100.0
m2_in,m2_q_l2,5,l1,k2,100.0
m2_q_l2,ss,5,l1,k2,100.0
m3_in,m3_q_l2,5,l1,k3,100.0
m3_q_l2,ss,5,l1,k3,100.0
m4_in,m4_q_l2,5,l1,k4,100.0
m4_q_l2,ss,5,l1,k4,100.0
m5_in,m5_q_l2,5,l1,k5,100.0
m5_q_l2,ss,5,l1,k5,100.0
m1_in,m1_q_l2,6,l1,k1,100.0
m1_q_l2,ss,6,l1,k1,100.0
m2_in,m2_q_l2,6,l1,k2,100.0
m2_q_l2,ss,6,l1,k2,100.0
m3_in,m3_q_l2,6,l1,k3,100.0
m3_q_l2,ss,6,l1,k3,100.0
m4_in,m4_q_l2,6,l1,k4,100.0
m4_q_l2,ss,6,l1,k4,100.0
m5_q_l2,ss,6,l1,k5,100.0
m1_in,m1_q_l2,7,l1,k1,100.0
m1_q_l2,ss,7,l1,k1,100.0
m2_in,m2_q_l2,7,l1,k2,100.0
m2_q_l2,ss,7,l1,k2,100.0
m3_in,m3_q_l2,7,l1,k3,100.0
m3_q_l2,ss,7,l1,k3,100.0
m4_in,m4_q_l2,7,l1,k4,100.0
m4_q_l2,ss,7,l1,k4,100.0
m5_q_l2,ss,7,l1,k5,100.0
m1_in,m1_q_l2,8,l1,k1,100.0
m1_q_l2,ss,8,l1,k1,100.0
m2_in,m2_q_l2,8,l1,k2,100.0
m2_q_l2,ss,8,l1,k2,100.0
m3_in,m3_q_l2,8,l1,k3,100.0
m3_q_l2,ss,8,l1,k3,100.0
m4_in,m4_q_l2,8,l1,k4,100.0
m4_q_l2,ss,8,l1,k4,100.0
m5_in,m5_q_l2,8,l1,k5,100.0
m5_q_l2,ss,8,l1,k5,100.0
m1_in,m1_q_l2,9,l1,k1,100.0
m1_q_l2,ss,9,l1,k1,100.0
m2_in,m2_q_l2,9,l1,k2,100.0
m2_q_l2,ss,9,l1,k2,100.0
m3_in,m3_q_l2,9,l1,k3,100.0
m3_q_l2,ss,9,l1,k3,100.0
m4_in,m4_q_l2,9,l1,k4,100.0
m4_q_l2,ss,9,l1,k4,100.0
m5_in,m5_q_l2,9,l1,k5,100.0
m5_q_l2,ss,9,l1,k5,100.0
m1_in,m1_q_l2,10,l1,k1,100.0
m1_q_l2,ss,10,l1,k1,100.0
m2_in,m2_q_l2,10,l1,k2,100.0
m2_q_l2,ss,10,l1,k2,100.0
m3_in,m3_q_l2,10,l1,k3,100.0
m3_q_l2,ss,10,l1,k3,100.0
m4_in,m4_q_l2,10,l1,k4,100.0
m4_q_l2,ss,10,l1,k4,100.0
m5_in,m5_q_l2,10,l1,k5,100.0
m5_q_l2,ss,10,l1,k5,100.0
m1_in,m1_q_l2,11,l1,k1,100.0
m1_q_l2,ss,11,l1,k1,100.0
m2_in,m2_q_l2,11,l1,k2,100.0
m2_q_l2,ss,11,l1,k2,100.0
m3_in,m3_q_l2,11,l1,k3,100.0
m3_q_l2,ss,11,l1,k3,100.0
m4_in,m4_q_l2,11,l1,k4,100.0
m4_q_l2,ss,11,l1,k4,100.0
m5_in,m5_q_l2,11,l1,k5,100.0
m5_q_l2,ss,11,l1,k5,100.0
m5_in,m5_q_l2,7,l1,k5,98.568784
m1_in,m1_q_l2,2,l1,k1,90.669439
m10_in,m10_q_l1,8,l1,k5,36.149459
m10_q_l1,ss,8,l1,k5,36.149459
m4_in,m4_q_l2,7,l2,k5,33.570395
m4_q_l2,ss,7,l2,k5,33.570395
m1_in,m1_q_l2,10,l2,k3,32.289409
m1_q_l2,ss,10,l2,k3,32.289409
m6_in,m6_q_l2,6,l2,k4,31.786578
m6_q_l2,ss,6,l2,k4,31.786578
m4_in,m4_q_l2,2,l2,k5,31.220564
m4_q_l2,ss,2,l2,k5,31.220564
m7_in,m7_q_l2,2,l2,k1,30.813666
m7_q_l2,ss,2,l2,k1,30.813666
m9_in,m9_q_l2,9,l2,k3,29.669274
m9_q_l2,ss,9,l2,k3,29.669274
m7_in,m7_q_l2,5,l2,k2,29.381524
m7_q_l2,ss,5,l2,k2,29.381524
m2_in,m2_q_l2,10,l2,k4,29.039557
m2_q_l2,ss,10,l2,k4,29.039557
m4_in,m4_q_l2,10,l2,k2,28.804159
m4_q_l2,ss,10,l2,k2,28.804159
m8_in,m8_q_l2,10,l2,k1,27.975101
m8_q_l2,ss,10,l2,k1,27.975101
m4_in,m4_q_l2,3,l2,k2,27.758319
m4_q_l2,ss,3,l2,k2,27.758319
m9_in,m9_q_l2,8,l2,k1,27.410019
m9_q_l2,ss,8,l2,k1,27.410019
m1_in,m1_q_l2,3,l2,k3,27.235061
m1_q_l2,ss,3,l2,k3,27.235061
m7_in,m7_q_l2,8,l2,k4,27.142465
m7_q_l2,ss,8,l2,k4,27.142465
m1_in,m1_q_l2,7,l2,k3,27.116913
m1_q_l2,ss,7,l2,k3,27.116913
m4_in,m4_q_l2,3,l2,k1,26.890164
m4_q_l2,ss,3,l2,k1,26.890164
m6_in,m6_q_l2,3,l2,k5,26.832394
m6_q_l2,ss,3,l2,k5,26.832394
m5_in,m5_q_l2,5,l2,k4,26.829052
m5_q_l2,ss,5,l2,k4,26.829052
m7_in,m7_q_l2,6,l2,k1,26.804634
m7_q_l2,ss,6,l2,k1,26.804634
m7_in,m7_q_l2,4,l2,k4,26.291467
m7_q_l2,ss,4,l2,k4,26.291467
m3_in,m3_q_l2,8,l2,k5,26.241735
m3_q_l2,ss,8,l2,k5,26.241735
m4_in,m4_q_l2,11,l2,k3,26.154363
m4_q_l2,ss,11,l2,k3,26.154363
m10_in,m10_q_l2,4,l2,k2,26.103127
m10_q_l2,ss,4,l2,k2,26.103127
m1_in,m1_q_l1,4,l1,k3,25.673212
m1_q_l1,ss,4,l1,k3,25.673212
m10_in,m10_q_l1,10,l1,k1,25.428279
m10_q_l1,ss,10,l1,k1,25.428279
m5_in,m5_q_l2,2,l2,k4,25.42627
m5_q_l2,ss,2,l2,k4,25.42627
m8_in,m8_q_l2,9,l2,k2,25.03918
m8_q_l2,ss,9,l2,k2,25.03918
m2_in,m2_q_l2,7,l2,k4,24.961901
m2_q_l2,ss,7,l2,k4,24.961901
m7_in,m7_q_l2,1,l2,k2,24.845495
m7_q_l2,ss,1,l2,k2,24.845495
m7_in,m7_q_l2,1,l2,k1,24.794688
m7_q_l2,ss,1,l2,k1,24.794688
m2_in,m2_q_l2,11,l2,k1,24.645607
m2_q_l2,ss,11,l2,k1,24.645607
m6_in,m6_q_l2,11,l2,k4,24.486282
m6_q_l2,ss,11,l2,k4,24.486282
m7_in,m7_q_l2,11,l2,k5,24.226182
m7_q_l2,ss,11,l2,k5,24.226182
m10_in,m10_q_l2,5,l2,k3,23.999948
m10_q_l2,ss,5,l2,k3,23.999948
m6_in,m6_q_l2,5,l2,k1,23.866
m6_q_l2,ss,5,l2,k1,23.866
m8_in,m8_q_l2,9,l2,k1,23.840534
m8_q_l2,ss,9,l2,k1,23.840534
m3_in,m3_q_l2,4,l2,k5,23.471296
m3_q_l2,ss,4,l2,k5,23.471296
m10_in,m10_q_l1,5,l1,k1,23.195907
m10_q_l1,ss,5,l1,k1,23.195907
m10_in,m10_q_l1,8,l1,k1,22.998
m10_q_l1,ss,8,l1,k1,22.998
m9_in,m9_q_l2,2,l2,k3,22.908499
m9_q_l2,ss,2,l2,k3,22.908499
m7_in,m7_q_l2,11,l2,k2,22.558177
m7_q_l2,ss,11,l2,k2,22.558177
m6_in,m6_q_l2,6,l2,k5,22.014067
m6_q_l2,ss,6,l2,k5,22.014067
m10_in,m10_q_l1,3,l1,k3,21.950078
m10_q_l1,ss,3,l1,k3,21.950078
m10_in,m10_q_l1,10,l1,k5,21.681016
m10_q_l1,ss,10,l1,k5,21.681016
m10_in,m10_q_l1,11,l1,k4,21.247247
m10_q_l1,ss,11,l1,k4,21.247247
m9_in,m9_q_l2,7,l2,k2,21.217639
m9_q_l2,ss,7,l2,k2,21.217639
m7_in,m7_q_l2,6,l2,k2,21.211762
m7_q_l2,ss,6,l2,k2,21.211762
m5_in,m5_q_l2,8,l2,k3,21.188138
m5_q_l2,ss,8,l2,k3,21.188138
m5_in,m5_q_l2,8,l2,k2,21.169329
m5_q_l2,ss,8,l2,k2,21.169329
m7_in,m7_q_l2,4,l2,k3,21.129552
m7_q_l2,ss,4,l2,k3,21.129552
m8_in,m8_q_l2,2,l2,k2,20.89758
m8_q_l2,ss,2,l2,k2,20.89758
m3_in,m3_q_l2,9,l2,k5,20.852164
m3_q_l2,ss,9,l2,k5,20.852164
m2_in,m2_q_l2,1,l2,k4,20.720493
m2_q_l2,ss,1,l2,k4,20.720493
m10_in,m10_q_l1,1,l1,k3,20.62343
m10_q_l1,ss,1,l1,k3,20.62343
source,m4_in,12,l1,k5,20.60299
source,m6_in,4,l1,k3,20.462587
m6_in,m3_in,4,l1,k3,20.462587
source,m3_in,10,l1,k4,20.431914
m3_in,m4_in,10,l1,k4,20.431914
m10_in,m10_q_l1,11,l1,k1,20.41524
m10_q_l1,ss,11,l1,k1,20.41524
m8_in,m8_q_l2,10,l2,k5,20.408792
m8_q_l2,ss,10,l2,k5,20.408792
source,m7_in,10,l2,k2,20.258777
m7_in,m7_q_l2,10,l2,k2,20.258777
m7_q_l2,ss,10,l2,k2,20.258777
m10_in,m10_q_l1,4,l1,k1,20.134987
m10_q_l1,ss,4,l1,k1,20.134987
source,m6_in,3,l1,k3,20.016723
m6_in,m3_in,3,l1,k3,20.016723
source,m5_in,8,l1,k5,20.009863
source,m4_in,10,l1,k1,19.992866
source,m10_in,12,l1,k4,19.913925
source,m9_in,4,l2,k1,19.773615
m9_in,m9_q_l2,4,l2,k1,19.773615
m9_q_l2,ss,4,l2,k1,19.773615
source,m7_in,3,l2,k5,19.769358
m7_in,m7_q_l2,3,l2,k5,19.769358
m7_q_l2,ss,3,l2,k5,19.769358
source,m1_in,12,l2,k3,19.717679
m1_in,m1_q_l2,1,l2,k3,19.689613
m1_q_l2,ss,1,l2,k3,19.689613
m10_in,m10_q_l1,9,l1,k1,19.43319
m10_q_l1,ss,9,l1,k1,19.43319
source,m8_in,5,l1,k1,19.359924
m8_in,m1_in,5,l1,k1,19.359924
source,m2_in,2,l2,k1,19.226681
m2_in,m2_q_l2,2,l2,k1,19.226681
m2_q_l2,ss,2,l2,k1,19.226681
m9_in,m9_q_l2,9,l2,k4,19.178783
m9_q_l2,ss,9,l2,k4,19.178783
source,m10_in,8,l1,k1,19.168959
m10_in,m10_q_l1,6,l1,k1,19.059584
m10_q_l1,ss,6,l1,k1,19.059584
source,m2_in,11,l1,k4,19.022862
m2_in,m4_in,11,l1,k4,19.022862
source,m1_in,10,l2,k3,18.96792
source,m4_in,10,l1,k5,18.910736
m4_in,m5_in,10,l1,k5,18.910736
source,m1_in,10,l2,k4,18.854015
m1_in,m1_q_l2,10,l2,k4,18.854015
m1_q_l2,ss,10,l2,k4,18.854015
source,m10_in,11,l1,k5,18.852495
m10_in,m10_q_l1,11,l1,k5,18.852495
m10_q_l1,ss,11,l1,k5,18.852495
source,m7_in,2,l2,k2,18.820207
m7_in,m7_q_l2,2,l2,k2,18.820207
m7_q_l2,ss,2,l2,k2,18.820207
m9_in,m9_q_l2,5,l2,k5,18.67739
m9_q_l2,ss,5,l2,k5,18.67739
source,m7_in,5,l2,k2,18.557995
m5_in,m5_q_l2,6,l2,k3,18.509097
m5_q_l2,ss,6,l2,k3,18.509097
source,m10_in,2,l1,k5,18.489745
m10_in,m10_q_l1,2,l1,k5,18.489745
m10_q_l1,ss,2,l1,k5,18.489745
m1_in,m1_q_l1,3,l1,k5,18.47565
m1_q_l1,ss,3,l1,k5,18.47565
source,m1_in,12,l1,k3,18.429756
m10_in,m10_q_l1,7,l1,k3,18.364691
m10_q_l1,ss,7,l1,k3,18.364691
source,m6_in,4,l1,k2,18.23427
m6_in,m2_in,4,l1,k2,18.23427
source,m10_in,6,l2,k2,18.195547
m10_in,m10_q_l2,6,l2,k2,18.195547
m10_q_l2,ss,6,l2,k2,18.195547
m1_in,m1_q_l1,10,l1,k4,18.163285
m1_q_l1,ss,10,l1,k4,18.163285
source,m2_in,12,l2,k3,18.161939
source,m4_in,6,l1,k5,18.078365
m4_in,m5_in,6,l1,k5,18.078365
source,m2_in,5,l2,k4,18.07203
m2_in,m2_q_l2,5,l2,k4,18.07203
m2_q_l2,ss,5,l2,k4,18.07203
m1_in,m1_q_l1,5,l1,k5,18.065358
m1_q_l1,ss,5,l1,k5,18.065358
source,m2_in,9,l2,k1,17.897875
m2_in,m2_q_l2,9,l2,k1,17.897875
m2_q_l2,ss,9,l2,k1,17.897875
source,m8_in,8,l2,k2,17.881884
m8_in,m8_q_l2,8,l2,k2,17.881884
m8_q_l2,ss,8,l2,k2,17.881884
source,m4_in,8,l1,k1,17.881566
m4_in,m1_in,8,l1,k1,17.881566
source,m7_in,2,l1,k2,17.852117
m7_in,m2_in,2,l1,k2,17.852117
source,m1_in,2,l2,k1,17.834107
m1_in,m7_in,2,l2,k1,17.834107
source,m2_in,12,l1,k1,17.815255
source,m3_in,9,l2,k3,17.775262
m3_in,m9_in,9,l2,k3,17.775262
source,m1_in,2,l2,k2,17.747028
m1_in,m1_q_l2,2,l2,k2,17.747028
m1_q_l2,ss,2,l2,k2,17.747028
source,m5_in,3,l2,k5,17.744155
m5_in,m6_in,3,l2,k5,17.744155
source,m4_in,6,l2,k4,17.706143
m4_in,m6_in,6,l2,k4,17.706143
source,m9_in,11,l1,k3,17.688692
m9_in,m3_in,11,l1,k3,17.688692
source,m9_in,7,l2,k4,17.672282
m9_in,m9_q_l2,7,l2,k4,17.672282
m9_q_l2,ss,7,l2,k4,17.672282
m8_in,m8_q_l2,1,l2,k5,17.620655
m8_q_l2,ss,1,l2,k5,17.620655
source,m9_in,11,l1,k5,17.556747
m1_in,m1_q_l1,11,l1,k2,17.542459
m1_q_l1,ss,11,l1,k2,17.542459
source,m2_in,10,l1,k3,17.539884
m2_in,m3_in,10,l1,k3,17.539884
source,m2_in,2,l2,k5,17.539207
m2_in,m2_q_l2,2,l2,k5,17.539207
m2_q_l2,ss,2,l2,k5,17.539207
source,m8_in,3,l1,k5,17.477705
m8_in,m5_in,3,l1,k5,17.477705
source,m3_in,8,l2,k1,17.473274
m3_in,m3_q_l2,8,l2,k1,17.473274
m3_q_l2,ss,8,l2,k1,17.473274
source,m8_in,5,l2,k4,17.466682
m8_in,m8_q_l2,5,l2,k4,17.466682
m8_q_l2,ss,5,l2,k4,17.466682
source,m4_in,7,l2,k5,17.460883
source,m7_in,8,l2,k5,17.459273
m7_in,m7_q_l2,8,l2,k5,17.459273
m7_q_l2,ss,8,l2,k5,17.459273
source,m5_in,2,l2,k5,17.448589
m5_in,m4_in,2,l2,k5,17.448589
source,m1_in,7,l2,k5,17.441014
m1_in,m1_q_l2,7,l2,k5,17.441014
m1_q_l2,ss,7,l2,k5,17.441014
m2_in,m2_q_l2,7,l2,k1,17.334384
m2_q_l2,ss,7,l2,k1,17.334384
source,m7_in,10,l1,k5,17.329453
m7_in,m5_in,10,l1,k5,17.329453
m1_in,m1_q_l1,8,l1,k3,17.27038
m1_q_l1,ss,8,l1,k3,17.27038
source,m5_in,11,l1,k5,17.224856
source,m3_in,12,l2,k5,17.214461
source,m1_in,6,l2,k5,17.178406
m1_in,m1_q_l2,6,l2,k5,17.178406
m1_q_l2,ss,6,l2,k5,17.178406
source,m10_in,11,l2,k3,17.051394
m10_in,m10_q_l2,11,l2,k3,17.051394
m10_q_l2,ss,11,l2,k3,17.051394
source,m3_in,7,l2,k3,17.01785
m3_in,m1_in,7,l2,k3,17.01785
source,m10_in,2,l2,k1,16.979222
m10_in,m10_q_l2,2,l2,k1,16.979222
m10_q_l2,ss,2,l2,k1,16.979222
source,m7_in,8,l1,k1,16.933588
m7_in,m1_in,8,l1,k1,16.933588
source,m3_in,11,l1,k2,16.922638
m3_in,m2_in,11,l1,k2,16.922638
source,m1_in,1,l2,k1,16.888766
m1_in,m7_in,1,l2,k1,16.888766
source,m5_in,1,l2,k1,16.874294
m5_in,m5_q_l2,1,l2,k1,16.874294
m5_q_l2,ss,1,l2,k1,16.874294
source,m7_in,9,l2,k3,16.852982
m7_in,m7_q_l2,9,l2,k3,16.852982
m7_q_l2,ss,9,l2,k3,16.852982
source,m1_in,10,l1,k3,16.811722
m1_in,m1_q_l1,10,l1,k3,16.811722
m1_q_l1,ss,10,l1,k3,16.811722
source,m10_in,12,l1,k2,16.774076
source,m7_in,6,l1,k1,16.769189
m7_in,m1_in,6,l1,k1,16.769189
source,m9_in,2,l2,k4,16.759006
m9_in,m9_q_l2,2,l2,k4,16.759006
m9_q_l2,ss,2,l2,k4,16.759006
source,m1_in,12,l2,k2,16.628676
source,m5_in,3,l2,k4,16.568385
m5_in,m5_q_l2,3,l2,k4,16.568385
m5_q_l2,ss,3,l2,k4,16.568385
source,m5_in,1,l1,k5,16.54029
m7_in,m7_q_l2,3,l2,k4,16.533992
m7_q_l2,ss,3,l2,k4,16.533992
source,m8_in,3,l2,k2,16.532222
m8_in,m8_q_l2,3,l2,k2,16.532222
m8_q_l2,ss,3,l2,k2,16.532222
source,m7_in,8,l1,k5,16.529736
m7_in,m5_in,8,l1,k5,16.529736
source,m3_in,1,l1,k4,16.515368
m3_in,m4_in,1,l1,k4,16.515368
source,m10_in,2,l2,k2,16.5117
m10_in,m10_q_l2,2,l2,k2,16.5117
m10_q_l2,ss,2,l2,k2,16.5117
source,m10_in,7,l2,k5,16.495125
m10_in,m10_q_l2,7,l2,k5,16.495125
m10_q_l2,ss,7,l2,k5,16.495125
source,m8_in,6,l1,k4,16.494118
m8_in,m4_in,6,l1,k4,16.494118
source,m3_in,3,l2,k1,16.432341
m3_in,m3_q_l2,3,l2,k1,16.432341
m3_q_l2,ss,3,l2,k1,16.432341
source,m2_in,8,l2,k4,16.423376
m2_in,m2_q_l2,8,l2,k4,16.423376
m2_q_l2,ss,8,l2,k4,16.423376
source,m5_in,5,l2,k4,16.390695
source,m4_in,1,l2,k2,16.379653
m4_in,m4_q_l2,1,l2,k2,16.379653
m4_q_l2,ss,1,l2,k2,16.379653
source,m6_in,1,l1,k3,16.352568
m6_in,m3_in,1,l1,k3,16.352568
source,m9_in,2,l2,k2,16.341031
m9_in,m9_q_l2,2,l2,k2,16.341031
m9_q_l2,ss,2,l2,k2,16.341031
source,m4_in,2,l1,k4,16.328265
source,m7_in,12,l1,k3,16.304596
source,m9_in,7,l1,k3,16.286911
m9_in,m3_in,7,l1,k3,16.286911
source,m5_in,3,l2,k3,16.243072
m5_in,m5_q_l2,3,l2,k3,16.243072
m5_q_l2,ss,3,l2,k3,16.243072
source,m10_in,7,l2,k1,16.234877
m10_in,m10_q_l2,7,l2,k1,16.234877
m10_q_l2,ss,7,l2,k1,16.234877
source,m2_in,12,l1,k4,16.234263
source,m3_in,6,l2,k5,16.231573
m3_in,m3_q_l2,6,l2,k5,16.231573
m3_q_l2,ss,6,l2,k5,16.231573
source,m4_in,11,l1,k3,16.223687
m4_in,m3_in,11,l1,k3,16.223687
source,m3_in,6,l2,k2,16.22299
m3_in,m3_q_l2,6,l2,k2,16.22299
m3_q_l2,ss,6,l2,k2,16.22299
source,m4_in,2,l2,k2,16.191945
m4_in,m4_q_l2,2,l2,k2,16.191945
m4_q_l2,ss,2,l2,k2,16.191945
source,m2_in,2,l1,k5,16.157693
m2_in,m5_in,2,l1,k5,16.157693
source,m1_in,8,l2,k3,16.156221
m1_in,m1_q_l2,8,l2,k3,16.156221
m1_q_l2,ss,8,l2,k3,16.156221
source,m5_in,5,l1,k4,16.147297
m5_in,m4_in,5,l1,k4,16.147297
source,m3_in,4,l2,k1,16.141607
m3_in,m3_q_l2,4,l2,k1,16.141607
m3_q_l2,ss,4,l2,k1,16.141607
source,m3_in,3,l2,k3,16.138318
m3_in,m1_in,3,l2,k3,16.138318
source,m7_in,1,l1,k5,16.124955
m7_in,m5_in,1,l1,k5,16.124955
source,m5_in,7,l2,k5,16.109512
m5_in,m4_in,7,l2,k5,16.109512
source,m9_in,1,l2,k1,16.108408
m9_in,m9_q_l2,1,l2,k1,16.108408
m9_q_l2,ss,1,l2,k1,16.108408
source,m4_in,7,l2,k4,16.083503
m4_in,m2_in,7,l2,k4,16.083503
source,m9_in,10,l1,k4,16.057504
m9_in,m4_in,10,l1,k4,16.057504
source,m1_in,1,l1,k5,16.051528
m1_in,m1_q_l1,1,l1,k5,16.051528
m1_q_l1,ss,1,l1,k5,16.051528
source,m8_in,9,l2,k3,16.036109
m8_in,m8_q_l2,9,l2,k3,16.036109
m8_q_l2,ss,9,l2,k3,16.036109
source,m10_in,1,l2,k2,16.027684
m10_in,m10_q_l2,1,l2,k2,16.027684
m10_q_l2,ss,1,l2,k2,16.027684
source,m4_in,5,l2,k2,15.979431
m4_in,m4_q_l2,5,l2,k2,15.979431
m4_q_l2,ss,5,l2,k2,15.979431
source,m1_in,4,l1,k5,15.974392
m1_in,m1_q_l1,4,l1,k5,15.974392
m1_q_l1,ss,4,l1,k5,15.974392
source,m2_in,12,l2,k1,15.963218
source,m8_in,11,l2,k2,15.952662
m8_in,m8_q_l2,11,l2,k2,15.952662
m8_q_l2,ss,11,l2,k2,15.952662
source,m5_in,1,l2,k4,15.936464
m5_in,m5_q_l2,1,l2,k4,15.936464
m5_q_l2,ss,1,l2,k4,15.936464
source,m9_in,1,l2,k5,15.904769
m9_in,m9_q_l2,1,l2,k5,15.904769
m9_q_l2,ss,1,l2,k5,15.904769
source,m3_in,2,l1,k2,15.893375
m3_in,m2_in,2,l1,k2,15.893375
source,m7_in,3,l2,k3,15.885897
m7_in,m7_q_l2,3,l2,k3,15.885897
m7_q_l2,ss,3,l2,k3,15.885897
source,m10_in,6,l1,k3,15.874217
source,m5_in,7,l1,k5,15.873493
source,m7_in,7,l1,k1,15.854857
m7_in,m1_in,7,l1,k1,15.854857
source,m10_in,9,l2,k1,15.823427
m10_in,m10_q_l2,9,l2,k1,15.823427
m10_q_l2,ss,9,l2,k1,15.823427
source,m5_in,10,l2,k4,15.821251
m5_in,m5_q_l2,10,l2,k4,15.821251
m5_q_l2,ss,10,l2,k4,15.821251
source,m2_in,12,l2,k2,15.784701
source,m2_in,10,l1,k2,15.761688
source,m1_in,6,l1,k5,15.740246
m1_in,m5_in,6,l1,k5,15.740246
source,m3_in,5,l1,k5,15.735056
m3_in,m5_in,5,l1,k5,15.735056
source,m7_in,1,l1,k1,15.727898
m7_in,m1_in,1,l1,k1,15.727898
source,m5_in,5,l2,k2,15.691244
m5_in,m5_q_l2,5,l2,k2,15.691244
m5_q_l2,ss,5,l2,k2,15.691244
source,m7_in,12,l1,k4,15.672396
source,m7_in,10,l2,k4,15.628045
m7_in,m7_q_l2,10,l2,k4,15.628045
m7_q_l2,ss,10,l2,k4,15.628045
source,m8_in,12,l2,k4,15.624991
source,m9_in,7,l2,k5,15.622554
m9_in,m9_q_l2,7,l2,k5,15.622554
m9_q_l2,ss,7,l2,k5,15.622554
m10_in,m10_q_l1,7,l1,k1,15.61316
m10_q_l1,ss,7,l1,k1,15.61316
source,m1_in,5,l2,k3,15.604893
m1_in,m1_q_l2,5,l2,k3,15.604893
m1_q_l2,ss,5,l2,k3,15.604893
source,m1_in,5,l1,k3,15.599808
source,m10_in,5,l1,k4,15.587136
source,m2_in,1,l1,k5,15.581873
m2_in,m5_in,1,l1,k5,15.581873
source,m6_in,8,l1,k2,15.569054
m6_in,m2_in,8,l1,k2,15.569054
source,m6_in,8,l1,k3,15.545119
m6_in,m3_in,8,l1,k3,15.545119
source,m1_in,11,l1,k4,15.522885
m1_in,m4_in,11,l1,k4,15.522885
source,m2_in,6,l1,k3,15.521139
m2_in,m3_in,6,l1,k3,15.521139
source,m10_in,4,l2,k4,15.501924
m10_in,m10_q_l2,4,l2,k4,15.501924
m10_q_l2,ss,4,l2,k4,15.501924
source,m6_in,9,l2,k2,15.49715
m6_in,m6_q_l2,9,l2,k2,15.49715
m6_q_l2,ss,9,l2,k2,15.49715
source,m1_in,2,l2,k5,15.472656
m1_in,m1_q_l2,2,l2,k5,15.472656
m1_q_l2,ss,2,l2,k5,15.472656
source,m1_in,8,l1,k3,15.458013
source,m2_in,3,l1,k5,15.447462
m2_in,m5_in,3,l1,k5,15.447462
source,m3_in,10,l2,k2,15.447353
m3_in,m3_q_l2,10,l2,k2,15.447353
m3_q_l2,ss,10,l2,k2,15.447353
source,m5_in,3,l1,k3,15.446872
m5_in,m3_in,3,l1,k3,15.446872
source,m5_in,12,l1,k3,15.437387
source,m6_in,1,l2,k2,15.43399
m6_in,m6_q_l2,1,l2,k2,15.43399
m6_q_l2,ss,1,l2,k2,15.43399
source,m2_in,5,l2,k5,15.428949
m2_in,m2_q_l2,5,l2,k5,15.428949
m2_q_l2,ss,5,l2,k5,15.428949
source,m1_in,3,l2,k5,15.424905
m1_in,m1_q_l2,3,l2,k5,15.424905
m1_q_l2,ss,3,l2,k5,15.424905
source,m1_in,3,l1,k5,15.419618
source,m5_in,9,l2,k2,15.408771
m5_in,m5_q_l2,9,l2,k2,15.408771
m5_q_l2,ss,9,l2,k2,15.408771
source,m3_in,6,l1,k3,15.40283
source,m1_in,9,l2,k2,15.401559
m1_in,m1_q_l2,9,l2,k2,15.401559
m1_q_l2,ss,9,l2,k2,15.401559
source,m4_in,10,l1,k4,15.384369
source,m5_in,3,l2,k1,15.383422
m5_in,m5_q_l2,3,l2,k1,15.383422
m5_q_l2,ss,3,l2,k1,15.383422
source,m2_in,12,l2,k5,15.382037
source,m5_in,6,l1,k2,15.369787
m5_in,m2_in,6,l1,k2,15.369787
source,m8_in,10,l1,k5,15.350742
m8_in,m5_in,10,l1,k5,15.350742
source,m6_in,9,l1,k3,15.342934
m6_in,m3_in,9,l1,k3,15.342934
source,m5_in,12,l2,k4,15.342484
source,m7_in,2,l1,k5,15.333533
m7_in,m5_in,2,l1,k5,15.333533
source,m4_in,10,l2,k2,15.327899
source,m5_in,2,l1,k3,15.313477
m5_in,m3_in,2,l1,k3,15.313477
source,m4_in,4,l2,k1,15.294166
m4_in,m4_q_l2,4,l2,k1,15.294166
m4_q_l2,ss,4,l2,k1,15.294166
source,m1_in,10,l1,k2,15.283334
m1_in,m1_q_l1,10,l1,k2,15.283334
m1_q_l1,ss,10,l1,k2,15.283334
source,m2_in,8,l1,k4,15.276949
m2_in,m4_in,8,l1,k4,15.276949
source,m5_in,12,l2,k5,15.271594
source,m7_in,4,l2,k5,15.26151
m7_in,m7_q_l2,4,l2,k5,15.26151
m7_q_l2,ss,4,l2,k5,15.26151
source,m1_in,12,l1,k2,15.232719
source,m3_in,8,l2,k5,15.222375
source,m8_in,4,l2,k1,15.201447
m8_in,m8_q_l2,4,l2,k1,15.201447
m8_q_l2,ss,4,l2,k1,15.201447
m10_in,m10_q_l1,1,l1,k1,15.175214
m10_q_l1,ss,1,l1,k1,15.175214
source,m8_in,8,l1,k1,15.137024
m8_in,m1_in,8,l1,k1,15.137024
source,m6_in,9,l1,k1,15.128682
source,m7_in,4,l1,k1,15.119611
m7_in,m1_in,4,l1,k1,15.119611
source,m6_in,1,l2,k4,15.069044
m6_in,m6_q_l2,1,l2,k4,15.069044
m6_q_l2,ss,1,l2,k4,15.069044
source,m4_in,9,l1,k3,15.062703
m4_in,m3_in,9,l1,k3,15.062703
source,m5_in,9,l1,k5,15.062597
source,m9_in,4,l1,k3,15.048151
m9_in,m3_in,4,l1,k3,15.048151
source,m7_in,6,l2,k1,15.042459
source,m1_in,8,l2,k5,15.031123
m1_in,m1_q_l2,8,l2,k5,15.031123
m1_q_l2,ss,8,l2,k5,15.031123
source,m9_in,12,l1,k5,15.0224
source,m6_in,6,l2,k1,15.017597
m6_in,m6_q_l2,6,l2,k1,15.017597
m6_q_l2,ss,6,l2,k1,15.017597
source,m8_in,4,l2,k5,14.991403
m8_in,m8_q_l2,4,l2,k5,14.991403
m8_q_l2,ss,4,l2,k5,14.991403
source,m5_in,2,l1,k4,14.990826
m5_in,m4_in,2,l1,k4,14.990826
source,m2_in,8,l2,k5,14.968369
m2_in,m2_q_l2,8,l2,k5,14.968369
m2_q_l2,ss,8,l2,k5,14.968369
source,m7_in,1,l2,k3,14.947652
m7_in,m7_q_l2,1,l2,k3,14.947652
m7_q_l2,ss,1,l2,k3,14.947652
source,m9_in,5,l2,k4,14.942164
m9_in,m9_q_l2,5,l2,k4,14.942164
m9_q_l2,ss,5,l2,k4,14.942164
source,m7_in,8,l2,k4,14.94154
source,m9_in,12,l1,k4,14.940477
source,m6_in,3,l2,k3,14.935103
m6_in,m6_q_l2,3,l2,k3,14.935103
m6_q_l2,ss,3,l2,k3,14.935103
source,m9_in,1,l1,k1,14.907602
m9_in,m1_in,1,l1,k1,14.907602
source,m3_in,4,l1,k3,14.887252
source,m3_in,11,l1,k1,14.88558
m3_in,m1_in,11,l1,k1,14.88558
source,m3_in,5,l2,k2,14.867887
m3_in,m3_q_l2,5,l2,k2,14.867887
m3_q_l2,ss,5,l2,k2,14.867887
source,m8_in,8,l1,k5,14.851889
m8_in,m5_in,8,l1,k5,14.851889
source,m9_in,12,l2,k1,14.845949
source,m3_in,10,l1,k5,14.843362
m3_in,m5_in,10,l1,k5,14.843362
source,m7_in,12,l2,k1,14.832188
source,m1_in,12,l1,k5,14.8215
source,m1_in,2,l2,k4,14.809195
m1_in,m1_q_l2,2,l2,k4,14.809195
m1_q_l2,ss,2,l2,k4,14.809195
source,m8_in,9,l2,k4,14.800458
m8_in,m8_q_l2,9,l2,k4,14.800458
m8_q_l2,ss,9,l2,k4,14.800458
source,m3_in,5,l1,k2,14.770253
m3_in,m2_in,5,l1,k2,14.770253
source,m3_in,5,l2,k1,14.768635
m3_in,m3_q_l2,5,l2,k1,14.768635
m3_q_l2,ss,5,l2,k1,14.768635
source,m3_in,8,l1,k3,14.765475
source,m1_in,2,l2,k3,14.761045
m1_in,m1_q_l2,2,l2,k3,14.761045
m1_q_l2,ss,2,l2,k3,14.761045
source,m9_in,5,l1,k3,14.759874
m9_in,m3_in,5,l1,k3,14.759874
source,m2_in,9,l2,k2,14.748175
m2_in,m8_in,9,l2,k2,14.748175
source,m10_in,7,l2,k2,14.739483
m10_in,m10_q_l2,7,l2,k2,14.739483
m10_q_l2,ss,7,l2,k2,14.739483
source,m2_in,10,l2,k4,14.726497
source,m8_in,3,l2,k5,14.717566
m8_in,m8_q_l2,3,l2,k5,14.717566
m8_q_l2,ss,3,l2,k5,14.717566
source,m8_in,9,l2,k5,14.715449
m8_in,m8_q_l2,9,l2,k5,14.715449
m8_q_l2,ss,9,l2,k5,14.715449
source,m9_in,4,l2,k3,14.694603
m9_in,m9_q_l2,4,l2,k3,14.694603
m9_q_l2,ss,4,l2,k3,14.694603
source,m3_in,12,l1,k4,14.689452
source,m6_in,7,l1,k5,14.670602
m6_in,m5_in,7,l1,k5,14.670602
source,m2_in,5,l1,k5,14.670542
m2_in,m5_in,5,l1,k5,14.670542
source,m2_in,3,l2,k1,14.653384
m2_in,m2_q_l2,3,l2,k1,14.653384
m2_q_l2,ss,3,l2,k1,14.653384
source,m6_in,12,l2,k1,14.648681
source,m6_in,1,l1,k2,14.630264
m6_in,m2_in,1,l1,k2,14.630264
source,m4_in,11,l1,k1,14.629423
m4_in,m1_in,11,l1,k1,14.629423
source,m1_in,8,l1,k5,14.629359
source,m9_in,5,l2,k1,14.602198
m9_in,m9_q_l2,5,l2,k1,14.602198
m9_q_l2,ss,5,l2,k1,14.602198
source,m10_in,5,l2,k4,14.59841
m10_in,m10_q_l2,5,l2,k4,14.59841
m10_q_l2,ss,5,l2,k4,14.59841
source,m1_in,4,l1,k3,14.59451
source,m4_in,8,l1,k4,14.587948
source,m4_in,10,l2,k1,14.584565
m4_in,m4_q_l2,10,l2,k1,14.584565
m4_q_l2,ss,10,l2,k1,14.584565
source,m10_in,4,l1,k3,14.562621
source,m1_in,8,l1,k4,14.561815
m1_in,m4_in,8,l1,k4,14.561815
source,m2_in,4,l1,k4,14.56072
m2_in,m4_in,4,l1,k4,14.56072
source,m4_in,5,l1,k5,14.557553
m4_in,m5_in,5,l1,k5,14.557553
source,m9_in,2,l2,k3,14.553666
source,m8_in,5,l2,k2,14.549566
m8_in,m8_q_l2,5,l2,k2,14.549566
m8_q_l2,ss,5,l2,k2,14.549566
source,m9_in,8,l2,k1,14.53497
source,m7_in,11,l2,k5,14.534137
source,m10_in,1,l2,k3,14.512632
m10_in,m10_q_l2,1,l2,k3,14.512632
m10_q_l2,ss,1,l2,k3,14.512632
source,m9_in,1,l2,k2,14.484083
m9_in,m9_q_l2,1,l2,k2,14.484083
m9_q_l2,ss,1,l2,k2,14.484083
source,m4_in,3,l2,k1,14.481048
m10_in,m10_q_l1,11,l1,k3,14.46757
m10_q_l1,ss,11,l1,k3,14.46757
source,m5_in,7,l2,k1,14.461749
m5_in,m5_q_l2,7,l2,k1,14.461749
m5_q_l2,ss,7,l2,k1,14.461749
source,m4_in,4,l1,k1,14.457065
m4_in,m1_in,4,l1,k1,14.457065
m10_in,m10_q_l1,1,l1,k5,14.452361
m10_q_l1,ss,1,l1,k5,14.452361
source,m8_in,10,l2,k2,14.452233
m8_in,m8_q_l2,10,l2,k2,14.452233
m8_q_l2,ss,10,l2,k2,14.452233
source,m7_in,5,l1,k5,14.435318
m7_in,m5_in,5,l1,k5,14.435318
source,m8_in,9,l2,k1,14.425474
source,m7_in,12,l1,k1,14.419968
source,m3_in,4,l1,k5,14.419941
m3_in,m5_in,4,l1,k5,14.419941
source,m5_in,7,l1,k3,14.419355
m5_in,m3_in,7,l1,k3,14.419355
source,m1_in,9,l1,k2,14.41845
source,m9_in,8,l1,k2,14.411373
m9_in,m2_in,8,l1,k2,14.411373
source,m7_in,4,l2,k2,14.40722
m7_in,m7_q_l2,4,l2,k2,14.40722
m7_q_l2,ss,4,l2,k2,14.40722
source,m5_in,8,l2,k2,14.385302
source,m7_in,9,l1,k1,14.384904
m7_in,m1_in,9,l1,k1,14.384904
source,m4_in,5,l1,k2,14.361229
m4_in,m2_in,5,l1,k2,14.361229
source,m2_in,6,l2,k5,14.345495
m2_in,m2_q_l2,6,l2,k5,14.345495
m2_q_l2,ss,6,l2,k5,14.345495
source,m8_in,12,l1,k4,14.321846
source,m4_in,10,l2,k4,14.31306
m4_in,m2_in,10,l2,k4,14.31306
source,m9_in,4,l1,k4,14.309292
m9_in,m4_in,4,l1,k4,14.309292
source,m9_in,10,l2,k3,14.307641
m9_in,m9_q_l2,10,l2,k3,14.307641
m9_q_l2,ss,10,l2,k3,14.307641
source,m1_in,11,l2,k2,14.294887
m1_in,m1_q_l2,11,l2,k2,14.294887
m1_q_l2,ss,11,l2,k2,14.294887
source,m7_in,3,l1,k5,14.261902
m7_in,m5_in,3,l1,k5,14.261902
source,m7_in,3,l1,k3,14.261185
m7_in,m3_in,3,l1,k3,14.261185
source,m6_in,8,l2,k3,14.25635
m6_in,m6_q_l2,8,l2,k3,14.25635
m6_q_l2,ss,8,l2,k3,14.25635
source,m7_in,9,l2,k1,14.255312
m7_in,m7_q_l2,9,l2,k1,14.255312
m7_q_l2,ss,9,l2,k1,14.255312
source,m2_in,5,l1,k4,14.248026
m2_in,m4_in,5,l1,k4,14.248026
source,m3_in,6,l1,k4,14.247418
m3_in,m4_in,6,l1,k4,14.247418
source,m3_in,6,l2,k1,14.245596
m3_in,m3_q_l2,6,l2,k1,14.245596
m3_q_l2,ss,6,l2,k1,14.245596
source,m3_in,7,l1,k3,14.24392
source,m6_in,10,l1,k4,14.230203
m6_in,m4_in,10,l1,k4,14.230203
source,m6_in,7,l2,k3,14.210728
m6_in,m6_q_l2,7,l2,k3,14.210728
m6_q_l2,ss,7,l2,k3,14.210728
source,m2_in,5,l2,k3,14.210141
m2_in,m2_q_l2,5,l2,k3,14.210141
m2_q_l2,ss,5,l2,k3,14.210141
source,m8_in,5,l2,k5,14.191803
m8_in,m8_q_l2,5,l2,k5,14.191803
m8_q_l2,ss,5,l2,k5,14.191803
source,m6_in,7,l1,k3,14.185172
m6_in,m3_in,7,l1,k3,14.185172
source,m10_in,8,l2,k3,14.178423
m10_in,m10_q_l2,8,l2,k3,14.178423
m10_q_l2,ss,8,l2,k3,14.178423
source,m3_in,2,l1,k1,14.174369
m3_in,m1_in,2,l1,k1,14.174369
source,m5_in,6,l1,k1,14.170347
m5_in,m1_in,6,l1,k1,14.170347
source,m6_in,5,l2,k4,14.168308
m6_in,m6_q_l2,5,l2,k4,14.168308
m6_q_l2,ss,5,l2,k4,14.168308
source,m6_in,10,l1,k2,14.165687
m6_in,m2_in,10,l1,k2,14.165687
source,m8_in,7,l1,k3,14.161531
source,m10_in,9,l2,k5,14.158789
m10_in,m10_q_l2,9,l2,k5,14.158789
m10_q_l2,ss,9,l2,k5,14.158789
source,m3_in,8,l2,k2,14.131535
m3_in,m3_q_l2,8,l2,k2,14.131535
m3_q_l2,ss,8,l2,k2,14.131535
source,m8_in,12,l2,k2,14.118535
source,m4_in,9,l2,k2,14.117953
m4_in,m4_q_l2,9,l2,k2,14.117953
m4_q_l2,ss,9,l2,k2,14.117953
source,m5_in,9,l2,k1,14.105444
m5_in,m5_q_l2,9,l2,k1,14.105444
m5_q_l2,ss,9,l2,k1,14.105444
source,m8_in,10,l2,k1,14.096502
source,m7_in,5,l2,k3,14.095582
m7_in,m7_q_l2,5,l2,k3,14.095582
m7_q_l2,ss,5,l2,k3,14.095582
source,m9_in,5,l1,k5,14.095507
m9_in,m5_in,5,l1,k5,14.095507
source,m5_in,4,l1,k1,14.084826
source,m6_in,6,l2,k4,14.080435
source,m8_in,2,l2,k1,14.07716
m8_in,m8_q_l2,2,l2,k1,14.07716
m8_q_l2,ss,2,l2,k1,14.07716
source,m1_in,11,l2,k1,14.071546
m1_in,m2_in,11,l2,k1,14.071546
source,m5_in,11,l2,k4,14.068868
m5_in,m5_q_l2,11,l2,k4,14.068868
m5_q_l2,ss,11,l2,k4,14.068868
source,m2_in,9,l1,k4,14.066223
m2_in,m4_in,9,l1,k4,14.066223
source,m8_in,12,l2,k5,14.061393
source,m2_in,10,l1,k4,14.060655
source,m7_in,7,l1,k4,14.054372
m7_in,m4_in,7,l1,k4,14.054372
source,m2_in,8,l1,k5,14.051387
source,m10_in,2,l2,k5,14.037688
m10_in,m10_q_l2,2,l2,k5,14.037688
m10_q_l2,ss,2,l2,k5,14.037688
source,m3_in,3,l2,k5,14.036144
m3_in,m3_q_l2,3,l2,k5,14.036144
m3_q_l2,ss,3,l2,k5,14.036144
source,m9_in,6,l2,k4,14.023762
m9_in,m9_q_l2,6,l2,k4,14.023762
m9_q_l2,ss,6,l2,k4,14.023762
source,m1_in,7,l2,k2,14.01321
m1_in,m1_q_l2,7,l2,k2,14.01321
m1_q_l2,ss,7,l2,k2,14.01321
source,m1_in,4,l2,k2,14.010881
m1_in,m1_q_l2,4,l2,k2,14.010881
m1_q_l2,ss,4,l2,k2,14.010881
source,m2_in,11,l1,k1,14.001975
source,m8_in,6,l1,k5,13.993055
m8_in,m5_in,6,l1,k5,13.993055
source,m7_in,10,l2,k3,13.980703
m7_in,m7_q_l2,10,l2,k3,13.980703
m7_q_l2,ss,10,l2,k3,13.980703
source,m9_in,5,l2,k3,13.971149
m9_in,m9_q_l2,5,l2,k3,13.971149
m9_q_l2,ss,5,l2,k3,13.971149
source,m10_in,1,l1,k5,13.966237
source,m2_in,4,l2,k2,13.941975
m2_in,m10_in,4,l2,k2,13.941975
source,m1_in,12,l2,k4,13.941864
source,m4_in,3,l2,k2,13.940125
source,m10_in,3,l2,k3,13.938733
m10_in,m10_q_l2,3,l2,k3,13.938733
m10_q_l2,ss,3,l2,k3,13.938733
source,m10_in,5,l2,k3,13.928967
m10_in,m10_q_l1,4,l1,k3,13.924582
m10_q_l1,ss,4,l1,k3,13.924582
source,m6_in,5,l1,k1,13.914595
m6_in,m1_in,5,l1,k1,13.914595
source,m5_in,6,l2,k4,13.912126
m5_in,m5_q_l2,6,l2,k4,13.912126
m5_q_l2,ss,6,l2,k4,13.912126
source,m9_in,1,l2,k4,13.897727
m9_in,m9_q_l2,1,l2,k4,13.897727
m9_q_l2,ss,1,l2,k4,13.897727
source,m3_in,3,l1,k2,13.896356
m3_in,m2_in,3,l1,k2,13.896356
source,m8_in,6,l2,k3,13.884281
m8_in,m8_q_l2,6,l2,k3,13.884281
m8_q_l2,ss,6,l2,k3,13.884281
source,m4_in,7,l2,k3,13.884223
m4_in,m4_q_l2,7,l2,k3,13.884223
m4_q_l2,ss,7,l2,k3,13.884223
source,m1_in,10,l2,k1,13.878599
m1_in,m8_in,10,l2,k1,13.878599
source,m9_in,6,l1,k2,13.870192
m9_in,m2_in,6,l1,k2,13.870192
source,m3_in,1,l1,k2,13.859552
m3_in,m2_in,1,l1,k2,13.859552
source,m8_in,2,l2,k5,13.859023
m8_in,m8_q_l2,2,l2,k5,13.859023
m8_q_l2,ss,2,l2,k5,13.859023
source,m1_in,1,l1,k3,13.855727
m1_in,m3_in,1,l1,k3,13.855727
source,m9_in,1,l1,k4,13.855498
m9_in,m4_in,1,l1,k4,13.855498
source,m6_in,5,l2,k3,13.849529
m6_in,m6_q_l2,5,l2,k3,13.849529
m6_q_l2,ss,5,l2,k3,13.849529
m1_in,m1_q_l1,5,l1,k3,13.84902
m1_q_l1,ss,5,l1,k3,13.84902
source,m4_in,9,l1,k1,13.843122
m4_in,m1_in,9,l1,k1,13.843122
source,m9_in,7,l1,k1,13.839372
m9_in,m1_in,7,l1,k1,13.839372
source,m6_in,12,l2,k4,13.819261
source,m2_in,3,l2,k2,13.818194
m2_in,m4_in,3,l2,k2,13.818194
source,m9_in,3,l1,k2,13.794383
m9_in,m2_in,3,l1,k2,13.794383
source,m10_in,5,l1,k1,13.783004
source,m8_in,8,l2,k5,13.777495
m8_in,m8_q_l2,8,l2,k5,13.777495
m8_q_l2,ss,8,l2,k5,13.777495
source,m8_in,1,l1,k3,13.774643
m8_in,m3_in,1,l1,k3,13.774643
source,m4_in,2,l2,k5,13.771976
source,m6_in,4,l1,k1,13.768906
m6_in,m1_in,4,l1,k1,13.768906
source,m10_in,4,l1,k5,13.764377
source,m5_in,1,l1,k2,13.760686
m5_in,m2_in,1,l1,k2,13.760686
source,m6_in,9,l1,k5,13.760567
m6_in,m5_in,9,l1,k5,13.760567
source,m2_in,2,l1,k4,13.757344
m2_in,m4_in,2,l1,k4,13.757344
source,m3_in,9,l1,k4,13.756539
m3_in,m4_in,9,l1,k4,13.756539
m1_in,m1_q_l1,11,l1,k5,13.751613
m1_q_l1,ss,11,l1,k5,13.751613
source,m9_in,9,l1,k3,13.745381
m9_in,m3_in,9,l1,k3,13.745381
source,m2_in,7,l2,k5,13.743942
m2_in,m2_q_l2,7,l2,k5,13.743942
m2_q_l2,ss,7,l2,k5,13.743942
source,m2_in,7,l1,k2,13.737744
source,m3_in,10,l1,k1,13.735571
m3_in,m1_in,10,l1,k1,13.735571
source,m10_in,11,l1,k3,13.732515
source,m2_in,12,l1,k2,13.725516
source,m5_in,3,l1,k5,13.710977
source,m3_in,12,l1,k2,13.707016
source,m1_in,1,l1,k4,13.706077
m1_in,m4_in,1,l1,k4,13.706077
source,m7_in,12,l2,k5,13.687613
source,m9_in,8,l2,k3,13.686603
m9_in,m9_q_l2,8,l2,k3,13.686603
m9_q_l2,ss,8,l2,k3,13.686603
source,m4_in,6,l1,k3,13.665241
m4_in,m3_in,6,l1,k3,13.665241
source,m3_in,5,l2,k5,13.665002
m3_in,m3_q_l2,5,l2,k5,13.665002
m3_q_l2,ss,5,l2,k5,13.665002
source,m9_in,6,l2,k5,13.659633
m9_in,m9_q_l2,6,l2,k5,13.659633
m9_q_l2,ss,6,l2,k5,13.659633
source,m1_in,9,l2,k4,13.653736
m1_in,m1_q_l2,9,l2,k4,13.653736
m1_q_l2,ss,9,l2,k4,13.653736
source,m8_in,4,l1,k5,13.650304
m8_in,m5_in,4,l1,k5,13.650304
source,m3_in,2,l2,k4,13.643153
m3_in,m3_q_l2,2,l2,k4,13.643153
m3_q_l2,ss,2,l2,k4,13.643153
source,m6_in,12,l1,k4,13.639908
source,m8_in,3,l1,k3,13.617307
m8_in,m3_in,3,l1,k3,13.617307
source,m8_in,2,l1,k3,13.616388
m8_in,m3_in,2,l1,k3,13.616388
source,m9_in,9,l1,k5,13.582936
m9_in,m5_in,9,l1,k5,13.582936
source,m5_in,4,l1,k5,13.563848
source,m9_in,5,l1,k1,13.54668
m9_in,m1_in,5,l1,k1,13.54668
source,m9_in,12,l2,k2,13.543479
source,m6_in,3,l2,k1,13.541883
m6_in,m6_q_l2,3,l2,k1,13.541883
m6_q_l2,ss,3,l2,k1,13.541883
source,m2_in,11,l1,k3,13.53727
source,m6_in,12,l1,k5,13.535613
source,m7_in,2,l1,k3,13.533807
m7_in,m3_in,2,l1,k3,13.533807
source,m2_in,9,l1,k1,13.52722
m2_in,m1_in,9,l1,k1,13.52722
source,m9_in,10,l1,k5,13.519125
m9_in,m5_in,10,l1,k5,13.519125
source,m10_in,8,l2,k1,13.518474
m10_in,m10_q_l2,8,l2,k1,13.518474
m10_q_l2,ss,8,l2,k1,13.518474
source,m8_in,11,l2,k3,13.513651
m8_in,m8_q_l2,11,l2,k3,13.513651
m8_q_l2,ss,11,l2,k3,13.513651
source,m4_in,4,l2,k4,13.504571
m4_in,m7_in,4,l2,k4,13.504571
source,m9_in,12,l2,k4,13.50235
source,m8_in,11,l2,k4,13.494761
m8_in,m8_q_l2,11,l2,k4,13.494761
m8_q_l2,ss,11,l2,k4,13.494761
source,m6_in,11,l2,k1,13.481619
m6_in,m6_q_l2,11,l2,k1,13.481619
m6_q_l2,ss,11,l2,k1,13.481619
source,m9_in,9,l1,k4,13.481192
m9_in,m4_in,9,l1,k4,13.481192
source,m4_in,11,l2,k3,13.480353
source,m2_in,10,l2,k2,13.47626
m2_in,m4_in,10,l2,k2,13.47626
source,m7_in,1,l2,k5,13.471621
m7_in,m7_q_l2,1,l2,k5,13.471621
m7_q_l2,ss,1,l2,k5,13.471621
source,m8_in,3,l1,k1,13.469893
m8_in,m1_in,3,l1,k1,13.469893
source,m9_in,2,l1,k3,13.465198
m9_in,m3_in,2,l1,k3,13.465198
source,m2_in,10,l2,k1,13.457319
m2_in,m2_q_l2,10,l2,k1,13.457319
m2_q_l2,ss,10,l2,k1,13.457319
source,m3_in,7,l2,k2,13.449264
m3_in,m3_q_l2,7,l2,k2,13.449264
m3_q_l2,ss,7,l2,k2,13.449264
source,m9_in,5,l1,k2,13.449184
m9_in,m2_in,5,l1,k2,13.449184
source,m4_in,8,l1,k2,13.435374
m4_in,m2_in,8,l1,k2,13.435374
source,m3_in,6,l1,k1,13.430363
m3_in,m1_in,6,l1,k1,13.430363
m6_in,m6_q_l2,4,l2,k1,13.429443
m6_q_l2,ss,4,l2,k1,13.429443
source,m9_in,10,l2,k5,13.423072
m9_in,m9_q_l2,10,l2,k5,13.423072
m9_q_l2,ss,10,l2,k5,13.423072
source,m9_in,11,l1,k2,13.417911
m9_in,m2_in,11,l1,k2,13.417911
source,m3_in,9,l1,k3,13.416994
source,m3_in,1,l1,k1,13.414859
m3_in,m1_in,1,l1,k1,13.414859
source,m10_in,9,l2,k3,13.414368
m10_in,m10_q_l2,9,l2,k3,13.414368
m10_q_l2,ss,9,l2,k3,13.414368
source,m7_in,12,l2,k3,13.403051
source,m8_in,8,l2,k1,13.384993
m8_in,m8_q_l2,8,l2,k1,13.384993
m8_q_l2,ss,8,l2,k1,13.384993
source,m3_in,3,l1,k4,13.379737
m3_in,m4_in,3,l1,k4,13.379737
source,m8_in,1,l1,k2,13.36697
m8_in,m2_in,1,l1,k2,13.36697
source,m1_in,1,l2,k3,13.34845
source,m10_in,10,l1,k4,13.345322
m10_in,m10_q_l1,10,l1,k4,13.345322
m10_q_l1,ss,10,l1,k4,13.345322
source,m5_in,12,l2,k2,13.344817
source,m1_in,5,l2,k5,13.336296
m1_in,m1_q_l2,5,l2,k5,13.336296
m1_q_l2,ss,5,l2,k5,13.336296
source,m10_in,11,l2,k2,13.334027
m10_in,m10_q_l2,11,l2,k2,13.334027
m10_q_l2,ss,11,l2,k2,13.334027
source,m6_in,10,l2,k3,13.329995
m6_in,m6_q_l2,10,l2,k3,13.329995
m6_q_l2,ss,10,l2,k3,13.329995
source,m10_in,10,l2,k5,13.323891
m10_in,m10_q_l2,10,l2,k5,13.323891
m10_q_l2,ss,10,l2,k5,13.323891
source,m3_in,10,l2,k3,13.321489
m3_in,m1_in,10,l2,k3,13.321489
source,m10_in,9,l1,k3,13.317381
source,m5_in,4,l2,k1,13.315557
m5_in,m5_q_l2,4,l2,k1,13.315557
m5_q_l2,ss,4,l2,k1,13.315557
source,m9_in,6,l2,k2,13.314713
m9_in,m9_q_l2,6,l2,k2,13.314713
m9_q_l2,ss,6,l2,k2,13.314713
source,m7_in,11,l2,k2,13.313915
source,m10_in,11,l2,k5,13.310013
m10_in,m10_q_l2,11,l2,k5,13.310013
m10_q_l2,ss,11,l2,k5,13.310013
source,m4_in,10,l1,k2,13.301371
m4_in,m2_in,10,l1,k2,13.301371
source,m2_in,6,l2,k3,13.278403
m2_in,m2_q_l2,6,l2,k3,13.278403
m2_q_l2,ss,6,l2,k3,13.278403
source,m9_in,7,l1,k2,13.277932
m9_in,m2_in,7,l1,k2,13.277932
source,m6_in,7,l2,k5,13.274472
m6_in,m6_q_l2,7,l2,k5,13.274472
m6_q_l2,ss,7,l2,k5,13.274472
source,m6_in,9,l2,k3,13.271266
m6_in,m6_q_l2,9,l2,k3,13.271266
m6_q_l2,ss,9,l2,k3,13.271266
source,m10_in,4,l1,k4,13.268466
m10_in,m10_q_l1,4,l1,k4,13.268466
m10_q_l1,ss,4,l1,k4,13.268466
source,m8_in,1,l2,k3,13.257868
m8_in,m8_q_l2,1,l2,k3,13.257868
m8_q_l2,ss,1,l2,k3,13.257868
source,m7_in,8,l1,k2,13.25244
m7_in,m2_in,8,l1,k2,13.25244
source,m9_in,10,l2,k2,13.234746
m9_in,m9_q_l2,10,l2,k2,13.234746
m9_q_l2,ss,10,l2,k2,13.234746
source,m10_in,1,l2,k4,13.219667
m10_in,m10_q_l2,1,l2,k4,13.219667
m10_q_l2,ss,1,l2,k4,13.219667
source,m3_in,8,l2,k4,13.218087
m3_in,m3_q_l2,8,l2,k4,13.218087
m3_q_l2,ss,8,l2,k4,13.218087
source,m7_in,3,l1,k2,13.21534
m7_in,m2_in,3,l1,k2,13.21534
source,m1_in,10,l2,k5,13.190535
m1_in,m1_q_l2,10,l2,k5,13.190535
m1_q_l2,ss,10,l2,k5,13.190535
source,m5_in,4,l1,k3,13.187138
m5_in,m3_in,4,l1,k3,13.187138
source,m4_in,5,l1,k3,13.180533
m4_in,m3_in,5,l1,k3,13.180533
source,m8_in,11,l2,k1,13.178413
m8_in,m8_q_l2,11,l2,k1,13.178413
m8_q_l2,ss,11,l2,k1,13.178413
source,m10_in,8,l2,k4,13.176988
m10_in,m10_q_l2,8,l2,k4,13.176988
m10_q_l2,ss,8,l2,k4,13.176988
source,m1_in,5,l2,k2,13.167501
m1_in,m1_q_l2,5,l2,k2,13.167501
m1_q_l2,ss,5,l2,k2,13.167501
source,m9_in,2,l2,k1,13.148486
m9_in,m9_q_l2,2,l2,k1,13.148486
m9_q_l2,ss,2,l2,k1,13.148486
source,m8_in,1,l2,k1,13.146469
m8_in,m8_q_l2,1,l2,k1,13.146469
m8_q_l2,ss,1,l2,k1,13.146469
source,m2_in,2,l1,k2,13.145887
source,m9_in,5,l2,k2,13.145559
m9_in,m9_q_l2,5,l2,k2,13.145559
m9_q_l2,ss,5,l2,k2,13.145559
source,m8_in,10,l2,k3,13.140808
m8_in,m8_q_l2,10,l2,k3,13.140808
m8_q_l2,ss,10,l2,k3,13.140808
source,m9_in,8,l2,k4,13.13865
m9_in,m9_q_l2,8,l2,k4,13.13865
m9_q_l2,ss,8,l2,k4,13.13865
source,m8_in,7,l1,k1,13.136576
m8_in,m1_in,7,l1,k1,13.136576
source,m6_in,3,l1,k4,13.133545
m6_in,m4_in,3,l1,k4,13.133545
source,m9_in,3,l2,k5,13.133069
m9_in,m9_q_l2,3,l2,k5,13.133069
m9_q_l2,ss,3,l2,k5,13.133069
source,m4_in,8,l1,k5,13.125253
m4_in,m5_in,8,l1,k5,13.125253
source,m5_in,12,l1,k2,13.115709
source,m8_in,5,l1,k3,13.108762
m8_in,m3_in,5,l1,k3,13.108762
source,m8_in,7,l1,k4,13.091137
m8_in,m4_in,7,l1,k4,13.091137
source,m2_in,7,l2,k2,13.085778
m2_in,m9_in,7,l2,k2,13.085778
source,m1_in,4,l2,k4,13.064961
m1_in,m1_q_l2,4,l2,k4,13.064961
m1_q_l2,ss,4,l2,k4,13.064961
source,m9_in,3,l2,k1,13.064663
m9_in,m9_q_l2,3,l2,k1,13.064663
m9_q_l2,ss,3,l2,k1,13.064663
source,m8_in,2,l1,k5,13.064026
m8_in,m5_in,2,l1,k5,13.064026
source,m6_in,9,l1,k4,13.0607
m6_in,m4_in,9,l1,k4,13.0607
source,m6_in,2,l1,k5,13.060004
m6_in,m5_in,2,l1,k5,13.060004
source,m1_in,12,l1,k4,13.056264
source,m2_in,3,l1,k4,13.055578
m2_in,m4_in,3,l1,k4,13.055578
source,m4_in,7,l2,k2,13.054767
m4_in,m4_q_l2,7,l2,k2,13.054767
m4_q_l2,ss,7,l2,k2,13.054767
source,m9_in,4,l1,k1,13.051532
m9_in,m1_in,4,l1,k1,13.051532
source,m4_in,8,l2,k1,13.051403
m4_in,m4_q_l2,8,l2,k1,13.051403
m4_q_l2,ss,8,l2,k1,13.051403
source,m5_in,2,l2,k4,13.048322
source,m10_in,4,l1,k1,13.04239
source,m5_in,1,l1,k3,13.040652
m5_in,m3_in,1,l1,k3,13.040652
source,m2_in,11,l1,k5,13.037096
m2_in,m5_in,11,l1,k5,13.037096
source,m5_in,9,l2,k3,13.026713
m5_in,m5_q_l2,9,l2,k3,13.026713
m5_q_l2,ss,9,l2,k3,13.026713
m4_in,m10_in,10,l1,k1,13.024042
source,m3_in,1,l1,k5,13.023314
source,m7_in,5,l1,k1,13.020632
source,m9_in,10,l2,k1,12.99976
m9_in,m9_q_l2,10,l2,k1,12.99976
m9_q_l2,ss,10,l2,k1,12.99976
source,m10_in,5,l2,k1,12.994468
m10_in,m10_q_l2,5,l2,k1,12.994468
m10_q_l2,ss,5,l2,k1,12.994468
source,m6_in,8,l2,k4,12.981269
m6_in,m6_q_l2,8,l2,k4,12.981269
m6_q_l2,ss,8,l2,k4,12.981269
source,m7_in,2,l2,k1,12.979559
source,m8_in,5,l1,k5,12.966671
source,m6_in,6,l1,k1,12.96162
source,m6_in,12,l1,k1,12.953757
m9_in,m5_in,11,l1,k5,12.952307
source,m8_in,4,l1,k4,12.949861
m8_in,m4_in,4,l1,k4,12.949861
source,m4_in,2,l1,k2,12.931905
m4_in,m2_in,2,l1,k2,12.931905
source,m6_in,2,l2,k4,12.930927
m6_in,m6_q_l2,2,l2,k4,12.930927
m6_q_l2,ss,2,l2,k4,12.930927
source,m1_in,9,l1,k1,12.921821
source,m7_in,7,l2,k1,12.911632
m7_in,m7_q_l2,7,l2,k1,12.911632
m7_q_l2,ss,7,l2,k1,12.911632
source,m1_in,1,l2,k2,12.905899
m1_in,m1_q_l2,1,l2,k2,12.905899
m1_q_l2,ss,1,l2,k2,12.905899
source,m9_in,12,l1,k1,12.89551
source,m1_in,8,l2,k1,12.875049
m1_in,m9_in,8,l2,k1,12.875049
source,m4_in,11,l2,k1,12.847581
m4_in,m4_q_l2,11,l2,k1,12.847581
m4_q_l2,ss,11,l2,k1,12.847581
source,m5_in,4,l2,k3,12.841264
m5_in,m5_q_l2,4,l2,k3,12.841264
m5_q_l2,ss,4,l2,k3,12.841264
source,m8_in,11,l1,k1,12.827132
m8_in,m1_in,11,l1,k1,12.827132
source,m5_in,7,l2,k4,12.812051
m5_in,m5_q_l2,7,l2,k4,12.812051
m5_q_l2,ss,7,l2,k4,12.812051
source,m10_in,12,l1,k5,12.807313
source,m3_in,9,l2,k1,12.80588
m3_in,m3_q_l2,9,l2,k1,12.80588
m3_q_l2,ss,9,l2,k1,12.80588
source,m3_in,8,l1,k5,12.803514
m3_in,m5_in,8,l1,k5,12.803514
source,m4_in,1,l2,k1,12.802647
m4_in,m4_q_l2,1,l2,k1,12.802647
m4_q_l2,ss,1,l2,k1,12.802647
m2_in,m3_in,11,l1,k3,12.802215
source,m8_in,3,l2,k3,12.796048
m8_in,m8_q_l2,3,l2,k3,12.796048
m8_q_l2,ss,3,l2,k3,12.796048
source,m7_in,4,l2,k4,12.786896
source,m2_in,1,l2,k2,12.778837
m2_in,m7_in,1,l2,k2,12.778837
source,m3_in,3,l1,k3,12.776332
source,m5_in,1,l1,k1,12.775868
m5_in,m1_in,1,l1,k1,12.775868
source,m6_in,6,l1,k2,12.772268
m6_in,m2_in,6,l1,k2,12.772268
source,m1_in,7,l1,k2,12.762617
m1_in,m1_q_l1,7,l1,k2,12.762617
m1_q_l1,ss,7,l1,k2,12.762617
source,m5_in,10,l1,k1,12.751725
m5_in,m1_in,10,l1,k1,12.751725
source,m1_in,8,l2,k2,12.747675
m1_in,m1_q_l2,8,l2,k2,12.747675
m1_q_l2,ss,8,l2,k2,12.747675
source,m10_in,9,l1,k2,12.744578
m10_in,m2_in,9,l1,k2,12.744578
source,m5_in,6,l1,k4,12.744052
m5_in,m4_in,6,l1,k4,12.744052
source,m6_in,5,l2,k1,12.739792
source,m10_in,9,l1,k4,12.735955
source,m9_in,8,l1,k3,12.732735
m9_in,m3_in,8,l1,k3,12.732735
source,m4_in,2,l2,k3,12.729361
m4_in,m4_q_l2,2,l2,k3,12.729361
m4_q_l2,ss,2,l2,k3,12.729361
source,m8_in,10,l1,k2,12.721489
m8_in,m2_in,10,l1,k2,12.721489
source,m1_in,2,l1,k4,12.713553
m1_in,m1_q_l1,2,l1,k4,12.713553
m1_q_l1,ss,2,l1,k4,12.713553
source,m7_in,10,l1,k2,12.713482
m7_in,m2_in,10,l1,k2,12.713482
source,m6_in,9,l1,k2,12.69328
m6_in,m2_in,9,l1,k2,12.69328
source,m7_in,10,l2,k1,12.682609
m7_in,m7_q_l2,10,l2,k1,12.682609
m7_q_l2,ss,10,l2,k1,12.682609
source,m5_in,3,l1,k2,12.677292
m5_in,m2_in,3,l1,k2,12.677292
source,m3_in,11,l2,k3,12.674009
m3_in,m4_in,11,l2,k3,12.674009
source,m8_in,11,l1,k2,12.664412
m8_in,m2_in,11,l1,k2,12.664412
source,m4_in,2,l2,k1,12.660842
m4_in,m4_q_l2,2,l2,k1,12.660842
m4_q_l2,ss,2,l2,k1,12.660842
source,m5_in,10,l2,k5,12.658153
m5_in,m8_in,10,l2,k5,12.658153
source,m5_in,10,l1,k4,12.648389
m5_in,m4_in,10,l1,k4,12.648389
source,m4_in,9,l1,k4,12.64554
source,m7_in,7,l1,k2,12.643184
m7_in,m2_in,7,l1,k2,12.643184
source,m4_in,11,l2,k5,12.633049
m4_in,m4_q_l2,11,l2,k5,12.633049
m4_q_l2,ss,11,l2,k5,12.633049
source,m7_in,5,l2,k1,12.6311
m7_in,m7_q_l2,5,l2,k1,12.6311
m7_q_l2,ss,5,l2,k1,12.6311
source,m2_in,2,l1,k3,12.616163
m2_in,m3_in,2,l1,k3,12.616163
source,m7_in,4,l2,k1,12.615727
m7_in,m7_q_l2,4,l2,k1,12.615727
m7_q_l2,ss,4,l2,k1,12.615727
source,m3_in,11,l2,k2,12.592401
m3_in,m3_q_l2,11,l2,k2,12.592401
m3_q_l2,ss,11,l2,k2,12.592401
source,m3_in,2,l2,k2,12.588497
m3_in,m3_q_l2,2,l2,k2,12.588497
m3_q_l2,ss,2,l2,k2,12.588497
source,m3_in,11,l2,k1,12.586088
m3_in,m3_q_l2,11,l2,k1,12.586088
m3_q_l2,ss,11,l2,k1,12.586088
source,m2_in,12,l2,k4,12.581788
source,m10_in,10,l1,k5,12.575915
source,m3_in,2,l1,k5,12.574897
m3_in,m5_in,2,l1,k5,12.574897
source,m5_in,12,l1,k5,12.567069
source,m7_in,2,l1,k4,12.566458
m7_in,m4_in,2,l1,k4,12.566458
source,m7_in,5,l1,k4,12.565995
m7_in,m4_in,5,l1,k4,12.565995
source,m5_in,11,l1,k4,12.559846
m5_in,m4_in,11,l1,k4,12.559846
source,m5_in,9,l1,k1,12.556627
m5_in,m1_in,9,l1,k1,12.556627
m3_in,m5_in,1,l1,k5,12.53719
source,m10_in,7,l1,k2,12.537012
source,m10_in,8,l2,k2,12.519099
m10_in,m10_q_l2,8,l2,k2,12.519099
m10_q_l2,ss,8,l2,k2,12.519099
source,m10_in,2,l1,k3,12.50852
m10_in,m10_q_l1,2,l1,k3,12.50852
m10_q_l1,ss,2,l1,k3,12.50852
source,m10_in,6,l1,k1,12.501726
source,m10_in,1,l1,k1,12.50128
source,m3_in,12,l1,k3,12.497811
source,m5_in,5,l2,k3,12.480819
m5_in,m5_q_l2,5,l2,k3,12.480819
m5_q_l2,ss,5,l2,k3,12.480819
source,m4_in,4,l1,k5,12.48011
m4_in,m5_in,4,l1,k5,12.48011
source,m10_in,8,l1,k4,12.468859
source,m3_in,11,l1,k5,12.462225
m3_in,m5_in,11,l1,k5,12.462225
source,m3_in,5,l2,k4,12.460581
m3_in,m3_q_l2,5,l2,k4,12.460581
m3_q_l2,ss,5,l2,k4,12.460581
source,m8_in,11,l1,k4,12.459404
m8_in,m4_in,11,l1,k4,12.459404
source,m4_in,6,l2,k1,12.454301
m4_in,m4_q_l2,6,l2,k1,12.454301
m4_q_l2,ss,6,l2,k1,12.454301
source,m6_in,11,l2,k5,12.449283
m6_in,m6_q_l2,11,l2,k5,12.449283
m6_q_l2,ss,11,l2,k5,12.449283
source,m2_in,2,l2,k4,12.440543
m2_in,m2_q_l2,2,l2,k4,12.440543
m2_q_l2,ss,2,l2,k4,12.440543
source,m3_in,4,l2,k4,12.414367
m3_in,m3_q_l2,4,l2,k4,12.414367
m3_q_l2,ss,4,l2,k4,12.414367
source,m1_in,3,l2,k1,12.409115
m1_in,m4_in,3,l2,k1,12.409115
source,m10_in,10,l1,k1,12.404237
source,m10_in,6,l2,k4,12.397931
m10_in,m10_q_l2,6,l2,k4,12.397931
m10_q_l2,ss,6,l2,k4,12.397931
source,m1_in,10,l1,k5,12.387199
source,m6_in,11,l1,k2,12.386564
m6_in,m2_in,11,l1,k2,12.386564
source,m9_in,10,l1,k1,12.379918
m9_in,m1_in,10,l1,k1,12.379918
source,m4_in,11,l2,k4,12.378494
m4_in,m6_in,11,l2,k4,12.378494
source,m4_in,2,l2,k4,12.377948
m4_in,m5_in,2,l2,k4,12.377948
source,m10_in,9,l1,k1,12.377514
source,m8_in,8,l2,k4,12.367293
m8_in,m8_q_l2,8,l2,k4,12.367293
m8_q_l2,ss,8,l2,k4,12.367293
source,m7_in,8,l1,k4,12.364789
m7_in,m4_in,8,l1,k4,12.364789
source,m9_in,11,l2,k1,12.362452
m9_in,m9_q_l2,11,l2,k1,12.362452
m9_q_l2,ss,11,l2,k1,12.362452
source,m1_in,5,l1,k1,12.361078
source,m9_in,1,l1,k3,12.34445
m9_in,m3_in,1,l1,k3,12.34445
source,m2_in,8,l1,k3,12.328883
m2_in,m3_in,8,l1,k3,12.328883
source,m3_in,5,l1,k1,12.323367
m3_in,m1_in,5,l1,k1,12.323367
source,m1_in,3,l2,k4,12.322919
m1_in,m1_q_l2,3,l2,k4,12.322919
m1_q_l2,ss,3,l2,k4,12.322919
source,m7_in,10,l1,k1,12.318603
m7_in,m1_in,10,l1,k1,12.318603
source,m10_in,4,l2,k1,12.307302
m10_in,m10_q_l2,4,l2,k1,12.307302
m10_q_l2,ss,4,l2,k1,12.307302
source,m6_in,10,l1,k3,12.300133
m6_in,m3_in,10,l1,k3,12.300133
source,m10_in,3,l2,k2,12.299531
m10_in,m10_q_l2,3,l2,k2,12.299531
m10_q_l2,ss,3,l2,k2,12.299531
source,m4_in,6,l1,k2,12.267738
m4_in,m2_in,6,l1,k2,12.267738
source,m1_in,4,l2,k3,12.25904
m1_in,m1_q_l2,4,l2,k3,12.25904
m1_q_l2,ss,4,l2,k3,12.25904
source,m9_in,3,l1,k5,12.255196
m9_in,m5_in,3,l1,k5,12.255196
source,m5_in,11,l1,k3,12.251806
m5_in,m3_in,11,l1,k3,12.251806
source,m1_in,10,l2,k2,12.249448
m1_in,m1_q_l2,10,l2,k2,12.249448
m1_q_l2,ss,10,l2,k2,12.249448
source,m1_in,8,l1,k1,12.2413
source,m8_in,7,l2,k5,12.23464
m8_in,m8_q_l2,7,l2,k5,12.23464
m8_q_l2,ss,7,l2,k5,12.23464
source,m4_in,4,l1,k2,12.232514
m4_in,m2_in,4,l1,k2,12.232514
source,m2_in,5,l1,k3,12.224789
m2_in,m3_in,5,l1,k3,12.224789
m10_in,m2_in,7,l1,k2,12.224028
source,m1_in,9,l1,k3,12.215156
m1_in,m1_q_l1,9,l1,k3,12.215156
m1_q_l1,ss,9,l1,k3,12.215156
source,m5_in,4,l2,k5,12.202707
m5_in,m3_in,4,l2,k5,12.202707
source,m5_in,9,l2,k4,12.202504
m5_in,m5_q_l2,9,l2,k4,12.202504
m5_q_l2,ss,9,l2,k4,12.202504
source,m1_in,6,l1,k2,12.201398
source,m4_in,8,l2,k4,12.200925
m4_in,m7_in,8,l2,k4,12.200925
source,m8_in,4,l1,k3,12.191437
m8_in,m3_in,4,l1,k3,12.191437
source,m5_in,5,l1,k3,12.184342
m5_in,m3_in,5,l1,k3,12.184342
source,m5_in,1,l2,k3,12.17644
m5_in,m5_q_l2,1,l2,k3,12.17644
m5_q_l2,ss,1,l2,k3,12.17644
m2_in,m10_in,8,l1,k5,12.16846
source,m10_in,4,l2,k2,12.161153
source,m8_in,7,l1,k5,12.137739
m8_in,m5_in,7,l1,k5,12.137739
source,m3_in,9,l2,k5,12.131935
source,m4_in,6,l2,k5,12.125754
m4_in,m4_q_l2,6,l2,k5,12.125754
m4_q_l2,ss,6,l2,k5,12.125754
source,m10_in,8,l1,k5,12.123681
source,m2_in,7,l1,k3,12.121089
m2_in,m3_in,7,l1,k3,12.121089
source,m10_in,12,l1,k3,12.115961
source,m2_in,7,l2,k3,12.110613
m2_in,m2_q_l2,7,l2,k3,12.110613
m2_q_l2,ss,7,l2,k3,12.110613
source,m6_in,11,l2,k4,12.107788
source,m4_in,12,l2,k1,12.100494
source,m8_in,8,l2,k3,12.08817
m8_in,m8_q_l2,8,l2,k3,12.08817
m8_q_l2,ss,8,l2,k3,12.08817
source,m4_in,8,l2,k5,12.088032
m4_in,m4_q_l2,8,l2,k5,12.088032
m4_q_l2,ss,8,l2,k5,12.088032
source,m9_in,2,l1,k2,12.08345
m9_in,m2_in,2,l1,k2,12.08345
source,m7_in,6,l2,k3,12.083356
m7_in,m7_q_l2,6,l2,k3,12.083356
m7_q_l2,ss,6,l2,k3,12.083356
source,m4_in,3,l1,k3,12.071184
m4_in,m10_in,3,l1,k3,12.071184
source,m6_in,4,l1,k4,12.068056
m6_in,m4_in,4,l1,k4,12.068056
source,m7_in,1,l2,k2,12.066657
source,m9_in,9,l2,k1,12.064524
m9_in,m9_q_l2,9,l2,k1,12.064524
m9_q_l2,ss,9,l2,k1,12.064524
source,m8_in,4,l2,k3,12.059562
m8_in,m8_q_l2,4,l2,k3,12.059562
m8_q_l2,ss,4,l2,k3,12.059562
source,m9_in,4,l2,k5,12.059192
m9_in,m9_q_l2,4,l2,k5,12.059192
m9_q_l2,ss,4,l2,k5,12.059192
source,m2_in,11,l2,k4,12.057488
m2_in,m2_q_l2,11,l2,k4,12.057488
m2_q_l2,ss,11,l2,k4,12.057488
source,m6_in,1,l2,k5,12.054827
m6_in,m6_q_l2,1,l2,k5,12.054827
m6_q_l2,ss,1,l2,k5,12.054827
source,m1_in,5,l2,k4,12.048613
m1_in,m1_q_l2,5,l2,k4,12.048613
m1_q_l2,ss,5,l2,k4,12.048613
source,m8_in,6,l2,k1,12.043601
m8_in,m8_q_l2,6,l2,k1,12.043601
m8_q_l2,ss,6,l2,k1,12.043601
source,m1_in,6,l2,k3,12.041407
m1_in,m1_q_l2,6,l2,k3,12.041407
m1_q_l2,ss,6,l2,k3,12.041407
source,m4_in,10,l1,k3,12.034724
m4_in,m3_in,10,l1,k3,12.034724
source,m10_in,4,l1,k2,12.02728
source,m4_in,11,l1,k5,12.011641
m4_in,m5_in,11,l1,k5,12.011641
source,m7_in,5,l1,k3,12.006808
m7_in,m3_in,5,l1,k3,12.006808
source,m8_in,3,l2,k1,11.99284
m8_in,m8_q_l2,3,l2,k1,11.99284
m8_q_l2,ss,3,l2,k1,11.99284
source,m2_in,6,l2,k2,11.983826
m2_in,m7_in,6,l2,k2,11.983826
source,m8_in,2,l2,k3,11.981087
m8_in,m8_q_l2,2,l2,k3,11.981087
m8_q_l2,ss,2,l2,k3,11.981087
source,m9_in,1,l1,k2,11.96844
m9_in,m2_in,1,l1,k2,11.96844
source,m1_in,5,l1,k5,11.964764
source,m9_in,5,l1,k4,11.959362
m9_in,m4_in,5,l1,k4,11.959362
source,m7_in,5,l1,k2,11.959152
m7_in,m2_in,5,l1,k2,11.959152
source,m2_in,2,l2,k2,11.928041
m2_in,m8_in,2,l2,k2,11.928041
source,m6_in,6,l2,k2,11.907749
m6_in,m6_q_l2,6,l2,k2,11.907749
m6_q_l2,ss,6,l2,k2,11.907749
source,m10_in,7,l1,k1,11.900575
source,m8_in,5,l1,k2,11.899911
m8_in,m2_in,5,l1,k2,11.899911
source,m9_in,6,l2,k1,11.899518
m9_in,m9_q_l2,6,l2,k1,11.899518
m9_q_l2,ss,6,l2,k1,11.899518
m2_in,m1_in,10,l1,k4,11.896047
source,m9_in,9,l2,k3,11.894012
source,m4_in,4,l1,k3,11.889557
m4_in,m3_in,4,l1,k3,11.889557
source,m10_in,1,l1,k2,11.885584
source,m7_in,7,l1,k3,11.883566
m7_in,m3_in,7,l1,k3,11.883566
source,m6_in,10,l1,k1,11.881712
m6_in,m1_in,10,l1,k1,11.881712
source,m6_in,3,l2,k4,11.879603
m6_in,m6_q_l2,3,l2,k4,11.879603
m6_q_l2,ss,3,l2,k4,11.879603
source,m10_in,8,l2,k5,11.871998
m10_in,m10_q_l2,8,l2,k5,11.871998
m10_q_l2,ss,8,l2,k5,11.871998
source,m8_in,7,l2,k3,11.869565
m8_in,m8_q_l2,7,l2,k3,11.869565
m8_q_l2,ss,7,l2,k3,11.869565
source,m7_in,11,l1,k2,11.868429
m7_in,m2_in,11,l1,k2,11.868429
source,m5_in,4,l2,k4,11.867337
m5_in,m5_q_l2,4,l2,k4,11.867337
m5_q_l2,ss,4,l2,k4,11.867337
source,m6_in,12,l2,k3,11.862368
source,m5_in,6,l1,k5,11.858635
source,m9_in,8,l1,k5,11.857317
m9_in,m10_in,8,l1,k5,11.857317
source,m7_in,9,l1,k3,11.852858
m7_in,m3_in,9,l1,k3,11.852858
source,m4_in,6,l2,k2,11.842527
m4_in,m4_q_l2,6,l2,k2,11.842527
m4_q_l2,ss,6,l2,k2,11.842527
source,m5_in,10,l2,k2,11.827088
m5_in,m5_q_l2,10,l2,k2,11.827088
m5_q_l2,ss,10,l2,k2,11.827088
source,m4_in,7,l2,k1,11.826843
m4_in,m4_q_l2,7,l2,k1,11.826843
m4_q_l2,ss,7,l2,k1,11.826843
source,m2_in,8,l2,k3,11.81435
m2_in,m2_q_l2,8,l2,k3,11.81435
m2_q_l2,ss,8,l2,k3,11.81435
source,m4_in,1,l1,k3,11.810808
m4_in,m3_in,1,l1,k3,11.810808
source,m8_in,12,l2,k1,11.808489
source,m3_in,2,l2,k1,11.800791
m3_in,m3_q_l2,2,l2,k1,11.800791
m3_q_l2,ss,2,l2,k1,11.800791
source,m1_in,7,l1,k4,11.800345
m1_in,m4_in,7,l1,k4,11.800345
source,m1_in,11,l2,k5,11.786234
m1_in,m1_q_l2,11,l2,k5,11.786234
m1_q_l2,ss,11,l2,k5,11.786234
source,m7_in,6,l1,k4,11.781055
m7_in,m4_in,6,l1,k4,11.781055
source,m7_in,8,l2,k3,11.771787
m7_in,m7_q_l2,8,l2,k3,11.771787
m7_q_l2,ss,8,l2,k3,11.771787
source,m4_in,10,l2,k5,11.765977
m4_in,m4_q_l2,10,l2,k5,11.765977
m4_q_l2,ss,10,l2,k5,11.765977
source,m1_in,6,l2,k1,11.762176
m1_in,m7_in,6,l2,k1,11.762176
source,m3_in,6,l2,k4,11.751062
m3_in,m3_q_l2,6,l2,k4,11.751062
m3_q_l2,ss,6,l2,k4,11.751062
source,m3_in,10,l1,k2,11.743709
m3_in,m2_in,10,l1,k2,11.743709
source,m10_in,3,l2,k4,11.739455
m10_in,m10_q_l2,3,l2,k4,11.739455
m10_q_l2,ss,3,l2,k4,11.739455
source,m1_in,3,l1,k2,11.733745
m1_in,m1_q_l1,3,l1,k2,11.733745
m1_q_l1,ss,3,l1,k2,11.733745
source,m8_in,11,l2,k5,11.720013
m8_in,m8_q_l2,11,l2,k5,11.720013
m8_q_l2,ss,11,l2,k5,11.720013
source,m10_in,10,l2,k4,11.719221
m10_in,m10_q_l2,10,l2,k4,11.719221
m10_q_l2,ss,10,l2,k4,11.719221
source,m5_in,2,l2,k1,11.717392
m5_in,m5_q_l2,2,l2,k1,11.717392
m5_q_l2,ss,2,l2,k1,11.717392
source,m3_in,5,l1,k4,11.697338
m3_in,m4_in,5,l1,k4,11.697338
source,m2_in,4,l1,k3,11.69584
m2_in,m3_in,4,l1,k3,11.69584
source,m9_in,10,l1,k2,11.693837
m9_in,m2_in,10,l1,k2,11.693837
source,m3_in,1,l2,k2,11.687268
m3_in,m3_q_l2,1,l2,k2,11.687268
m3_q_l2,ss,1,l2,k2,11.687268
source,m1_in,3,l1,k1,11.681377
source,m3_in,8,l2,k3,11.679036
m3_in,m5_in,8,l2,k3,11.679036
source,m4_in,9,l1,k5,11.677411
m4_in,m5_in,9,l1,k5,11.677411
source,m2_in,9,l2,k4,11.673313
m2_in,m2_q_l2,9,l2,k4,11.673313
m2_q_l2,ss,9,l2,k4,11.673313
source,m6_in,7,l2,k4,11.668767
m6_in,m6_q_l2,7,l2,k4,11.668767
m6_q_l2,ss,7,l2,k4,11.668767
source,m10_in,6,l1,k2,11.668445
m10_in,m10_q_l1,6,l1,k2,11.668445
m10_q_l1,ss,6,l1,k2,11.668445
source,m6_in,5,l1,k3,11.665318
m6_in,m3_in,5,l1,k3,11.665318
source,m7_in,5,l2,k5,11.665008
m7_in,m7_q_l2,5,l2,k5,11.665008
m7_q_l2,ss,5,l2,k5,11.665008
source,m8_in,3,l1,k2,11.664433
m8_in,m2_in,3,l1,k2,11.664433
source,m10_in,12,l2,k3,11.662231
source,m2_in,11,l1,k2,11.649441
source,m2_in,3,l2,k4,11.640526
m2_in,m2_q_l2,3,l2,k4,11.640526
m2_q_l2,ss,3,l2,k4,11.640526
source,m6_in,1,l1,k5,11.635007
m6_in,m5_in,1,l1,k5,11.635007
source,m2_in,3,l1,k3,11.618763
m2_in,m3_in,3,l1,k3,11.618763
source,m2_in,4,l1,k1,11.61866
m2_in,m1_in,4,l1,k1,11.61866
source,m5_in,4,l1,k4,11.602079
m5_in,m4_in,4,l1,k4,11.602079
source,m1_in,7,l2,k4,11.59339
m1_in,m1_q_l2,7,l2,k4,11.59339
m1_q_l2,ss,7,l2,k4,11.59339
source,m2_in,1,l1,k1,11.581437
m2_in,m1_in,1,l1,k1,11.581437
source,m8_in,4,l2,k2,11.560102
m8_in,m8_q_l2,4,l2,k2,11.560102
m8_q_l2,ss,4,l2,k2,11.560102
source,m5_in,11,l1,k1,11.557716
m5_in,m1_in,11,l1,k1,11.557716
source,m5_in,11,l2,k2,11.548315
m5_in,m5_q_l2,11,l2,k2,11.548315
m5_q_l2,ss,11,l2,k2,11.548315
source,m4_in,5,l2,k5,11.542633
m4_in,m4_q_l2,5,l2,k5,11.542633
m4_q_l2,ss,5,l2,k5,11.542633
source,m4_in,1,l1,k1,11.541635
m4_in,m1_in,1,l1,k1,11.541635
source,m8_in,12,l2,k3,11.53524
source,m6_in,3,l2,k2,11.532873
m6_in,m6_q_l2,3,l2,k2,11.532873
m6_q_l2,ss,3,l2,k2,11.532873
source,m10_in,11,l1,k2,11.529587
source,m7_in,3,l2,k2,11.521631
m7_in,m7_q_l2,3,l2,k2,11.521631
m7_q_l2,ss,3,l2,k2,11.521631
source,m2_in,4,l1,k5,11.516674
m2_in,m5_in,4,l1,k5,11.516674
source,m9_in,6,l1,k3,11.511712
m9_in,m3_in,6,l1,k3,11.511712
source,m8_in,8,l1,k3,11.496107
m8_in,m3_in,8,l1,k3,11.496107
source,m7_in,6,l2,k4,11.467454
m7_in,m7_q_l2,6,l2,k4,11.467454
m7_q_l2,ss,6,l2,k4,11.467454
source,m6_in,10,l2,k4,11.466851
m6_in,m6_q_l2,10,l2,k4,11.466851
m6_q_l2,ss,10,l2,k4,11.466851
source,m7_in,11,l2,k1,11.463435
m7_in,m7_q_l2,11,l2,k1,11.463435
m7_q_l2,ss,11,l2,k1,11.463435
source,m6_in,1,l1,k1,11.456209
m6_in,m1_in,1,l1,k1,11.456209
source,m3_in,3,l1,k5,11.455307
m3_in,m5_in,3,l1,k5,11.455307
source,m9_in,11,l1,k1,11.446544
m9_in,m1_in,11,l1,k1,11.446544
source,m8_in,5,l2,k3,11.444707
m8_in,m8_q_l2,5,l2,k3,11.444707
m8_q_l2,ss,5,l2,k3,11.444707
source,m10_in,9,l1,k5,11.435713
m10_in,m5_in,9,l1,k5,11.435713
source,m6_in,2,l1,k1,11.42749
m6_in,m1_in,2,l1,k1,11.42749
source,m7_in,3,l1,k4,11.42442
m7_in,m4_in,3,l1,k4,11.42442
source,m4_in,11,l2,k2,11.423136
m4_in,m4_q_l2,11,l2,k2,11.423136
m4_q_l2,ss,11,l2,k2,11.423136
source,m9_in,7,l2,k1,11.420107
m9_in,m9_q_l2,7,l2,k1,11.420107
m9_q_l2,ss,7,l2,k1,11.420107
source,m7_in,3,l2,k4,11.419779
source,m4_in,7,l1,k3,11.38207
m4_in,m3_in,7,l1,k3,11.38207
source,m10_in,3,l1,k1,11.379915
source,m3_in,2,l2,k5,11.374007
m3_in,m3_q_l2,2,l2,k5,11.374007
m3_q_l2,ss,2,l2,k5,11.374007
source,m2_in,1,l2,k4,11.360074
source,m4_in,6,l1,k1,11.357883
m4_in,m1_in,6,l1,k1,11.357883
source,m4_in,6,l1,k4,11.354002
source,m10_in,3,l2,k1,11.349518
m10_in,m10_q_l2,3,l2,k1,11.349518
m10_q_l2,ss,3,l2,k1,11.349518
source,m6_in,4,l2,k4,11.334888
m6_in,m6_q_l2,4,l2,k4,11.334888
m6_q_l2,ss,4,l2,k4,11.334888
source,m7_in,8,l1,k3,11.32829
source,m6_in,11,l2,k3,11.320026
m6_in,m6_q_l2,11,l2,k3,11.320026
m6_q_l2,ss,11,l2,k3,11.320026
source,m4_in,3,l1,k4,11.313785
source,m8_in,6,l1,k2,11.310231
m8_in,m2_in,6,l1,k2,11.310231
source,m7_in,8,l2,k1,11.303464
m7_in,m7_q_l2,8,l2,k1,11.303464
m7_q_l2,ss,8,l2,k1,11.303464
source,m8_in,7,l2,k1,11.299871
m8_in,m8_q_l2,7,l2,k1,11.299871
m8_q_l2,ss,7,l2,k1,11.299871
source,m10_in,11,l1,k4,11.29832
source,m5_in,11,l2,k1,11.297576
m5_in,m5_q_l2,11,l2,k1,11.297576
m5_q_l2,ss,11,l2,k1,11.297576
source,m8_in,6,l2,k5,11.291121
m8_in,m8_q_l2,6,l2,k5,11.291121
m8_q_l2,ss,6,l2,k5,11.291121
source,m8_in,10,l1,k4,11.289743
m8_in,m4_in,10,l1,k4,11.289743
m10_in,m2_in,11,l1,k2,11.289085
source,m1_in,12,l1,k1,11.284304
source,m7_in,1,l1,k3,11.281308
source,m4_in,1,l1,k2,11.278653
m4_in,m2_in,1,l1,k2,11.278653
source,m5_in,2,l2,k2,11.272634
m5_in,m5_q_l2,2,l2,k2,11.272634
m5_q_l2,ss,2,l2,k2,11.272634
source,m3_in,4,l2,k5,11.268588
source,m3_in,11,l2,k5,11.265679
m3_in,m3_q_l2,11,l2,k5,11.265679
m3_q_l2,ss,11,l2,k5,11.265679
source,m4_in,3,l2,k5,11.264514
m4_in,m4_q_l2,3,l2,k5,11.264514
m4_q_l2,ss,3,l2,k5,11.264514
source,m1_in,9,l1,k4,11.25907
m1_in,m1_q_l1,9,l1,k4,11.25907
m1_q_l1,ss,9,l1,k4,11.25907
source,m1_in,8,l2,k4,11.257232
m1_in,m1_q_l2,8,l2,k4,11.257232
m1_q_l2,ss,8,l2,k4,11.257232
source,m3_in,10,l1,k3,11.251041
source,m7_in,7,l2,k5,11.225556
m7_in,m7_q_l2,7,l2,k5,11.225556
m7_q_l2,ss,7,l2,k5,11.225556
source,m10_in,3,l1,k5,11.223467
m10_in,m10_q_l1,3,l1,k5,11.223467
m10_q_l1,ss,3,l1,k5,11.223467
source,m8_in,12,l1,k3,11.20476
source,m8_in,11,l1,k5,11.201115
m8_in,m5_in,11,l1,k5,11.201115
source,m4_in,5,l2,k1,11.19711
m4_in,m4_q_l2,5,l2,k1,11.19711
m4_q_l2,ss,5,l2,k1,11.19711
source,m1_in,7,l1,k3,11.195496
m1_in,m1_q_l1,7,l1,k3,11.195496
m1_q_l1,ss,7,l1,k3,11.195496
source,m3_in,12,l2,k3,11.187869
source,m10_in,7,l1,k5,11.182434
m10_in,m5_in,7,l1,k5,11.182434
source,m6_in,11,l1,k4,11.178333
m6_in,m4_in,11,l1,k4,11.178333
source,m2_in,11,l2,k3,11.177344
m2_in,m2_q_l2,11,l2,k3,11.177344
m2_q_l2,ss,11,l2,k3,11.177344
source,m1_in,4,l1,k2,11.176857
m1_in,m2_in,4,l1,k2,11.176857
source,m10_in,11,l2,k4,11.171233
m10_in,m10_q_l2,11,l2,k4,11.171233
m10_q_l2,ss,11,l2,k4,11.171233
source,m9_in,7,l2,k3,11.166539
m9_in,m9_q_l2,7,l2,k3,11.166539
m9_q_l2,ss,7,l2,k3,11.166539
source,m4_in,9,l2,k5,11.160942
m4_in,m4_q_l2,9,l2,k5,11.160942
m4_q_l2,ss,9,l2,k5,11.160942
source,m9_in,2,l2,k5,11.149819
m9_in,m9_q_l2,2,l2,k5,11.149819
m9_q_l2,ss,2,l2,k5,11.149819
source,m1_in,9,l2,k5,11.141706
m1_in,m1_q_l2,9,l2,k5,11.141706
m1_q_l2,ss,9,l2,k5,11.141706
source,m9_in,6,l1,k1,11.133735
m9_in,m1_in,6,l1,k1,11.133735
source,m1_in,5,l2,k1,11.126209
m1_in,m6_in,5,l2,k1,11.126209
source,m10_in,3,l1,k4,11.123926
m10_in,m10_q_l1,3,l1,k4,11.123926
m10_q_l1,ss,3,l1,k4,11.123926
source,m4_in,12,l2,k2,11.119442
m1_in,m5_in,8,l1,k5,11.101866
source,m1_in,3,l2,k3,11.096744
source,m6_in,2,l1,k4,11.093231
m6_in,m4_in,2,l1,k4,11.093231
source,m3_in,3,l2,k4,11.083576
m3_in,m3_q_l2,3,l2,k4,11.083576
m3_q_l2,ss,3,l2,k4,11.083576
source,m7_in,4,l1,k3,11.078702
m7_in,m1_in,4,l1,k3,11.078702
source,m2_in,4,l2,k5,11.070186
m2_in,m2_q_l2,4,l2,k5,11.070186
m2_q_l2,ss,4,l2,k5,11.070186
source,m1_in,1,l2,k5,11.054308
m1_in,m1_q_l2,1,l2,k5,11.054308
m1_q_l2,ss,1,l2,k5,11.054308
source,m8_in,1,l2,k4,11.052112
m8_in,m8_q_l2,1,l2,k4,11.052112
m8_q_l2,ss,1,l2,k4,11.052112
source,m10_in,6,l2,k5,11.042806
m10_in,m10_q_l2,6,l2,k5,11.042806
m10_q_l2,ss,6,l2,k5,11.042806
source,m9_in,11,l2,k2,11.034267
m9_in,m9_q_l2,11,l2,k2,11.034267
m9_q_l2,ss,11,l2,k2,11.034267
source,m7_in,11,l1,k4,11.032498
m7_in,m4_in,11,l1,k4,11.032498
source,m5_in,6,l2,k5,11.026208
m5_in,m6_in,6,l2,k5,11.026208
source,m2_in,7,l1,k1,11.024667
m2_in,m1_in,7,l1,k1,11.024667
source,m1_in,2,l1,k5,11.024611
source,m1_in,7,l2,k1,11.0216
m1_in,m2_in,7,l2,k1,11.0216
source,m5_in,8,l2,k5,11.01936
m5_in,m3_in,8,l2,k5,11.01936
source,m2_in,10,l1,k1,11.016649
m2_in,m1_in,10,l1,k1,11.016649
source,m3_in,3,l2,k2,11.014469
m3_in,m3_q_l2,3,l2,k2,11.014469
m3_q_l2,ss,3,l2,k2,11.014469
source,m9_in,11,l2,k5,11.006393
m9_in,m9_q_l2,11,l2,k5,11.006393
m9_q_l2,ss,11,l2,k5,11.006393
source,m7_in,11,l1,k3,11.006225
m7_in,m3_in,11,l1,k3,11.006225
m10_in,m10_q_l1,10,l1,k2,11.002015
m10_q_l1,ss,10,l1,k2,11.002015
source,m2_in,4,l2,k4,10.998119
m2_in,m2_q_l2,4,l2,k4,10.998119
m2_q_l2,ss,4,l2,k4,10.998119
source,m7_in,12,l1,k5,10.997629
source,m6_in,6,l2,k5,10.987859
source,m7_in,11,l1,k5,10.980884
m7_in,m5_in,11,l1,k5,10.980884
source,m10_in,12,l1,k1,10.980308
source,m4_in,7,l1,k4,10.963369
source,m1_in,1,l2,k4,10.962567
m1_in,m1_q_l2,1,l2,k4,10.962567
m1_q_l2,ss,1,l2,k4,10.962567
source,m3_in,7,l1,k4,10.957157
m3_in,m4_in,7,l1,k4,10.957157
source,m7_in,4,l2,k3,10.95573
source,m5_in,8,l1,k2,10.940816
m5_in,m2_in,8,l1,k2,10.940816
source,m6_in,3,l1,k2,10.935805
m6_in,m2_in,3,l1,k2,10.935805
source,m10_in,9,l2,k4,10.931256
m10_in,m10_q_l2,9,l2,k4,10.931256
m10_q_l2,ss,9,l2,k4,10.931256
source,m1_in,5,l1,k2,10.923359
m1_in,m2_in,5,l1,k2,10.923359
source,m3_in,2,l1,k4,10.914246
m3_in,m4_in,2,l1,k4,10.914246
source,m5_in,4,l1,k2,10.914006
m5_in,m2_in,4,l1,k2,10.914006
source,m3_in,6,l2,k3,10.912915
m3_in,m5_in,6,l2,k3,10.912915
source,m1_in,3,l2,k2,10.899156
m1_in,m1_q_l2,3,l2,k2,10.899156
m1_q_l2,ss,3,l2,k2,10.899156
source,m10_in,4,l2,k3,10.894538
m10_in,m10_q_l2,4,l2,k3,10.894538
m10_q_l2,ss,4,l2,k3,10.894538
source,m6_in,5,l1,k4,10.89367
m6_in,m4_in,5,l1,k4,10.89367
source,m6_in,12,l1,k3,10.886147
source,m7_in,11,l2,k4,10.873852
m7_in,m7_q_l2,11,l2,k4,10.873852
m7_q_l2,ss,11,l2,k4,10.873852
source,m6_in,11,l1,k1,10.854698
m6_in,m1_in,11,l1,k1,10.854698
source,m1_in,3,l1,k4,10.847819
m10_in,m5_in,4,l1,k5,10.826758
source,m2_in,5,l2,k2,10.823528
m2_in,m7_in,5,l2,k2,10.823528
source,m2_in,12,l1,k3,10.811324
source,m4_in,12,l2,k4,10.797463
m7_in,m10_in,1,l1,k3,10.789735
m10_in,m10_q_l1,8,l1,k4,10.780882
m10_q_l1,ss,8,l1,k4,10.780882
source,m7_in,5,l2,k4,10.773767
m7_in,m7_q_l2,5,l2,k4,10.773767
m7_q_l2,ss,5,l2,k4,10.773767
source,m4_in,6,l2,k3,10.767617
m4_in,m4_q_l2,6,l2,k3,10.767617
m4_q_l2,ss,6,l2,k3,10.767617
source,m5_in,7,l1,k1,10.760433
m5_in,m1_in,7,l1,k1,10.760433
source,m4_in,1,l2,k3,10.753879
m4_in,m4_q_l2,1,l2,k3,10.753879
m4_q_l2,ss,1,l2,k3,10.753879
source,m5_in,12,l2,k3,10.748572
source,m7_in,1,l2,k4,10.747133
m7_in,m7_q_l2,1,l2,k4,10.747133
m7_q_l2,ss,1,l2,k4,10.747133
source,m3_in,4,l1,k4,10.736225
m3_in,m4_in,4,l1,k4,10.736225
source,m2_in,10,l2,k3,10.736127
m2_in,m2_q_l2,10,l2,k3,10.736127
m2_q_l2,ss,10,l2,k3,10.736127
source,m9_in,3,l2,k4,10.711093
m9_in,m9_q_l2,3,l2,k4,10.711093
m9_q_l2,ss,3,l2,k4,10.711093
source,m6_in,5,l1,k5,10.709426
m6_in,m5_in,5,l1,k5,10.709426
source,m6_in,10,l2,k2,10.694044
m6_in,m6_q_l2,10,l2,k2,10.694044
m6_q_l2,ss,10,l2,k2,10.694044
source,m6_in,3,l1,k5,10.682501
source,m9_in,2,l1,k4,10.662604
m9_in,m4_in,2,l1,k4,10.662604
source,m6_in,11,l2,k2,10.640132
m6_in,m6_q_l2,11,l2,k2,10.640132
m6_q_l2,ss,11,l2,k2,10.640132
source,m10_in,10,l2,k1,10.638558
m10_in,m10_q_l2,10,l2,k1,10.638558
m10_q_l2,ss,10,l2,k1,10.638558
source,m4_in,12,l1,k2,10.633863
source,m3_in,3,l1,k1,10.631112
m3_in,m1_in,3,l1,k1,10.631112
source,m6_in,9,l2,k5,10.630871
m6_in,m6_q_l2,9,l2,k5,10.630871
m6_q_l2,ss,9,l2,k5,10.630871
source,m10_in,2,l2,k3,10.628798
m10_in,m10_q_l2,2,l2,k3,10.628798
m10_q_l2,ss,2,l2,k3,10.628798
source,m5_in,10,l2,k3,10.628372
m5_in,m5_q_l2,10,l2,k3,10.628372
m5_q_l2,ss,10,l2,k3,10.628372
source,m4_in,9,l2,k4,10.612631
m4_in,m9_in,9,l2,k4,10.612631
source,m9_in,6,l1,k5,10.609903
m9_in,m5_in,6,l1,k5,10.609903
source,m8_in,1,l1,k4,10.607383
m8_in,m4_in,1,l1,k4,10.607383
source,m8_in,1,l1,k1,10.603373
source,m2_in,6,l2,k1,10.600883
m2_in,m2_q_l2,6,l2,k1,10.600883
m2_q_l2,ss,6,l2,k1,10.600883
source,m9_in,11,l1,k4,10.599465
m9_in,m4_in,11,l1,k4,10.599465
source,m4_in,9,l1,k2,10.597976
m4_in,m2_in,9,l1,k2,10.597976
source,m9_in,4,l2,k2,10.594831
m9_in,m9_q_l2,4,l2,k2,10.594831
m9_q_l2,ss,4,l2,k2,10.594831
source,m5_in,9,l1,k3,10.58931
m5_in,m3_in,9,l1,k3,10.58931
source,m4_in,7,l1,k1,10.589045
m4_in,m1_in,7,l1,k1,10.589045
source,m6_in,4,l2,k3,10.586605
m6_in,m6_q_l2,4,l2,k3,10.586605
m6_q_l2,ss,4,l2,k3,10.586605
source,m2_in,6,l1,k2,10.585428
source,m1_in,11,l2,k3,10.583855
m1_in,m1_q_l2,11,l2,k3,10.583855
m1_q_l2,ss,11,l2,k3,10.583855
source,m7_in,9,l1,k2,10.576552
m7_in,m2_in,9,l1,k2,10.576552
source,m2_in,11,l2,k1,10.574061
source,m7_in,11,l1,k1,10.560294
m7_in,m1_in,11,l1,k1,10.560294
source,m6_in,7,l2,k2,10.546663
m6_in,m6_q_l2,7,l2,k2,10.546663
m6_q_l2,ss,7,l2,k2,10.546663
m2_in,m10_in,11,l1,k1,10.543306
source,m3_in,8,l1,k1,10.540394
m3_in,m1_in,8,l1,k1,10.540394
source,m4_in,9,l2,k3,10.530744
m4_in,m4_q_l2,9,l2,k3,10.530744
m4_q_l2,ss,9,l2,k3,10.530744
source,m1_in,7,l1,k1,10.524369
source,m4_in,4,l1,k4,10.519788
source,m3_in,8,l1,k2,10.516955
m3_in,m2_in,8,l1,k2,10.516955
source,m1_in,1,l1,k2,10.505371
m1_in,m1_q_l1,1,l1,k2,10.505371
m1_q_l1,ss,1,l1,k2,10.505371
source,m7_in,7,l2,k4,10.491349
m7_in,m7_q_l2,7,l2,k4,10.491349
m7_q_l2,ss,7,l2,k4,10.491349
source,m6_in,12,l2,k5,10.478567
source,m5_in,7,l2,k2,10.476592
m5_in,m5_q_l2,7,l2,k2,10.476592
m5_q_l2,ss,7,l2,k2,10.476592
source,m9_in,10,l1,k3,10.476201
m9_in,m3_in,10,l1,k3,10.476201
source,m4_in,5,l2,k4,10.438357
m4_in,m5_in,5,l2,k4,10.438357
source,m8_in,10,l2,k4,10.419393
m8_in,m8_q_l2,10,l2,k4,10.419393
m8_q_l2,ss,10,l2,k4,10.419393
source,m8_in,6,l1,k3,10.405519
m8_in,m3_in,6,l1,k3,10.405519
source,m6_in,12,l1,k2,10.396375
source,m6_in,7,l1,k2,10.394296
m6_in,m2_in,7,l1,k2,10.394296
source,m6_in,7,l1,k4,10.378357
m6_in,m4_in,7,l1,k4,10.378357
source,m1_in,5,l1,k4,10.376749
m1_in,m1_q_l1,5,l1,k4,10.376749
m1_q_l1,ss,5,l1,k4,10.376749
source,m2_in,6,l2,k4,10.371959
m2_in,m2_q_l2,6,l2,k4,10.371959
m2_q_l2,ss,6,l2,k4,10.371959
source,m6_in,7,l1,k1,10.366797
source,m2_in,1,l2,k1,10.366508
m2_in,m2_q_l2,1,l2,k1,10.366508
m2_q_l2,ss,1,l2,k1,10.366508
source,m9_in,2,l1,k5,10.362239
m9_in,m5_in,2,l1,k5,10.362239
source,m9_in,12,l1,k2,10.358811
source,m9_in,9,l2,k2,10.342231
m9_in,m9_q_l2,9,l2,k2,10.342231
m9_q_l2,ss,9,l2,k2,10.342231
source,m2_in,11,l2,k5,10.329868
m2_in,m2_q_l2,11,l2,k5,10.329868
m2_q_l2,ss,11,l2,k5,10.329868
source,m7_in,9,l2,k5,10.322603
m7_in,m7_q_l2,9,l2,k5,10.322603
m7_q_l2,ss,9,l2,k5,10.322603
source,m4_in,12,l2,k5,10.318029
source,m8_in,2,l1,k2,10.316055
m8_in,m2_in,2,l1,k2,10.316055
source,m10_in,7,l2,k4,10.311196
m10_in,m10_q_l2,7,l2,k4,10.311196
m10_q_l2,ss,7,l2,k4,10.311196
source,m2_in,4,l1,k2,10.310062
source,m4_in,1,l1,k5,10.305495
m4_in,m5_in,1,l1,k5,10.305495
source,m10_in,12,l2,k2,10.303828
source,m7_in,1,l1,k4,10.301712
m7_in,m4_in,1,l1,k4,10.301712
source,m3_in,12,l1,k5,10.297813
source,m3_in,12,l2,k4,10.292993
source,m8_in,9,l2,k2,10.291005
source,m10_in,4,l2,k5,10.282889
m10_in,m10_q_l2,4,l2,k5,10.282889
m10_q_l2,ss,4,l2,k5,10.282889
source,m10_in,3,l2,k5,10.234846
m10_in,m10_q_l2,3,l2,k5,10.234846
m10_q_l2,ss,3,l2,k5,10.234846
source,m7_in,9,l2,k4,10.233131
m7_in,m7_q_l2,9,l2,k4,10.233131
m7_q_l2,ss,9,l2,k4,10.233131
source,m4_in,3,l1,k1,10.222805
m4_in,m1_in,3,l1,k1,10.222805
source,m6_in,6,l1,k4,10.218469
m6_in,m4_in,6,l1,k4,10.218469
source,m6_in,12,l2,k2,10.21809
source,m5_in,9,l1,k2,10.208293
m5_in,m2_in,9,l1,k2,10.208293
source,m3_in,6,l1,k2,10.203432
m3_in,m2_in,6,l1,k2,10.203432
source,m9_in,12,l2,k5,10.195847
source,m6_in,4,l2,k2,10.195101
m6_in,m6_q_l2,4,l2,k2,10.195101
m6_q_l2,ss,4,l2,k2,10.195101
source,m5_in,12,l2,k1,10.194131
source,m5_in,7,l1,k2,10.181057
m5_in,m2_in,7,l1,k2,10.181057
source,m6_in,10,l2,k1,10.179847
m6_in,m6_q_l2,10,l2,k1,10.179847
m6_q_l2,ss,10,l2,k1,10.179847
source,m3_in,4,l2,k3,10.173823
m3_in,m7_in,4,l2,k3,10.173823
source,m4_in,7,l1,k2,10.161238
m4_in,m2_in,7,l1,k2,10.161238
source,m10_in,12,l2,k5,10.157776
source,m6_in,8,l2,k2,10.149095
m6_in,m6_q_l2,8,l2,k2,10.149095
m6_q_l2,ss,8,l2,k2,10.149095
source,m6_in,11,l1,k5,10.129875
m6_in,m5_in,11,l1,k5,10.129875
source,m7_in,2,l2,k4,10.127665
m7_in,m7_q_l2,2,l2,k4,10.127665
m7_q_l2,ss,2,l2,k4,10.127665
source,m3_in,7,l2,k4,10.115556
m3_in,m3_q_l2,7,l2,k4,10.115556
m3_q_l2,ss,7,l2,k4,10.115556
source,m8_in,8,l1,k2,10.113314
m8_in,m2_in,8,l1,k2,10.113314
source,m1_in,7,l2,k3,10.099064
source,m1_in,6,l2,k2,10.089311
m1_in,m1_q_l2,6,l2,k2,10.089311
m1_q_l2,ss,6,l2,k2,10.089311
source,m10_in,12,l2,k1,10.072135
source,m10_in,8,l1,k2,10.071659
m10_in,m10_q_l1,8,l1,k2,10.071659
m10_q_l1,ss,8,l1,k2,10.071659
source,m3_in,5,l2,k3,10.07098
m3_in,m10_in,5,l2,k3,10.07098
source,m4_in,10,l2,k3,10.060424
m4_in,m4_q_l2,10,l2,k3,10.060424
m4_q_l2,ss,10,l2,k3,10.060424
source,m5_in,2,l2,k3,10.06001
m5_in,m5_q_l2,2,l2,k3,10.06001
m5_q_l2,ss,2,l2,k3,10.06001
source,m3_in,9,l1,k1,10.054832
m3_in,m1_in,9,l1,k1,10.054832
source,m4_in,4,l2,k2,10.03803
m4_in,m4_q_l2,4,l2,k2,10.03803
m4_q_l2,ss,4,l2,k2,10.03803
source,m10_in,6,l2,k3,10.03412
m10_in,m10_q_l2,6,l2,k3,10.03412
m10_q_l2,ss,6,l2,k3,10.03412
source,m5_in,10,l1,k5,10.0341
source,m10_in,3,l1,k2,10.02135
source,m9_in,12,l2,k3,10.015702
source,m2_in,1,l2,k3,10.014719
m2_in,m2_q_l2,1,l2,k3,10.014719
m2_q_l2,ss,1,l2,k3,10.014719
source,m5_in,2,l1,k5,9.9989588
source,m1_in,1,l1,k1,9.9956145
source,m9_in,4,l2,k4,9.990819
m9_in,m9_q_l2,4,l2,k4,9.990819
m9_q_l2,ss,4,l2,k4,9.990819
source,m3_in,11,l1,k4,9.9898028
source,m7_in,2,l2,k3,9.9848838
m7_in,m7_q_l2,2,l2,k3,9.9848838
m7_q_l2,ss,2,l2,k3,9.9848838
source,m5_in,6,l1,k3,9.967827
m5_in,m3_in,6,l1,k3,9.967827
source,m10_in,10,l1,k2,9.9553637
source,m2_in,1,l1,k4,9.951248
m2_in,m4_in,1,l1,k4,9.951248
m3_in,m10_in,11,l1,k4,9.9489267
source,m10_in,6,l1,k5,9.9468553
source,m9_in,3,l1,k4,9.9424071
m9_in,m4_in,3,l1,k4,9.9424071
source,m3_in,7,l2,k5,9.9283772
m3_in,m3_q_l2,7,l2,k5,9.9283772
m3_q_l2,ss,7,l2,k5,9.9283772
source,m6_in,7,l2,k1,9.9277391
m6_in,m6_q_l2,7,l2,k1,9.9277391
m6_q_l2,ss,7,l2,k1,9.9277391
source,m4_in,12,l1,k1,9.9221962
source,m10_in,1,l1,k4,9.9070074
source,m6_in,9,l2,k1,9.8961534
m6_in,m6_q_l2,9,l2,k1,9.8961534
m6_q_l2,ss,9,l2,k1,9.8961534
source,m10_in,3,l1,k3,9.8788943
source,m10_in,11,l1,k1,9.871934
source,m7_in,6,l1,k2,9.8700688
m7_in,m2_in,6,l1,k2,9.8700688
source,m2_in,3,l1,k1,9.855625
m2_in,m1_in,3,l1,k1,9.855625
source,m5_in,1,l2,k2,9.838844
m5_in,m5_q_l2,1,l2,k2,9.838844
m5_q_l2,ss,1,l2,k2,9.838844
source,m9_in,8,l2,k2,9.8352972
m9_in,m9_q_l2,8,l2,k2,9.8352972
m9_q_l2,ss,8,l2,k2,9.8352972
source,m10_in,1,l1,k3,9.833695
source,m2_in,3,l1,k2,9.8145108
source,m10_in,9,l2,k2,9.8138667
m10_in,m10_q_l2,9,l2,k2,9.8138667
m10_q_l2,ss,9,l2,k2,9.8138667
source,m5_in,11,l1,k2,9.8015192
m5_in,m2_in,11,l1,k2,9.8015192
source,m10_in,10,l1,k3,9.7873133
source,m1_in,11,l1,k1,9.7799455
source,m7_in,10,l1,k3,9.7762633
m7_in,m3_in,10,l1,k3,9.7762633
source,m8_in,4,l2,k4,9.7725261
m8_in,m8_q_l2,4,l2,k4,9.7725261
m8_q_l2,ss,4,l2,k4,9.7725261
source,m6_in,2,l2,k3,9.7559204
m6_in,m6_q_l2,2,l2,k3,9.7559204
m6_q_l2,ss,2,l2,k3,9.7559204
source,m3_in,4,l2,k2,9.7555455
m3_in,m3_q_l2,4,l2,k2,9.7555455
m3_q_l2,ss,4,l2,k2,9.7555455
source,m6_in,2,l1,k2,9.7518404
m6_in,m2_in,2,l1,k2,9.7518404
source,m8_in,6,l2,k4,9.7479564
m8_in,m8_q_l2,6,l2,k4,9.7479564
m8_q_l2,ss,6,l2,k4,9.7479564
source,m9_in,8,l1,k4,9.7452076
m9_in,m4_in,8,l1,k4,9.7452076
source,m5_in,3,l1,k1,9.7383195
m5_in,m1_in,3,l1,k1,9.7383195
source,m10_in,5,l1,k3,9.7108154
m10_in,m10_q_l1,5,l1,k3,9.7108154
m10_q_l1,ss,5,l1,k3,9.7108154
source,m8_in,7,l1,k2,9.6989349
m8_in,m2_in,7,l1,k2,9.6989349
source,m1_in,10,l1,k1,9.6983813
source,m6_in,8,l1,k5,9.6949512
m6_in,m5_in,8,l1,k5,9.6949512
source,m5_in,11,l2,k5,9.6920452
m5_in,m7_in,11,l2,k5,9.6920452
m10_in,m10_q_l1,6,l1,k3,9.6838244
m10_q_l1,ss,6,l1,k3,9.6838244
source,m10_in,7,l1,k3,9.6810763
source,m1_in,9,l1,k5,9.6799196
m1_in,m2_in,9,l1,k2,9.6737187
source,m6_in,5,l2,k5,9.6579688
m6_in,m6_q_l2,5,l2,k5,9.6579688
m6_q_l2,ss,5,l2,k5,9.6579688
source,m7_in,9,l2,k2,9.6563038
m7_in,m7_q_l2,9,l2,k2,9.6563038
m7_q_l2,ss,9,l2,k2,9.6563038
source,m5_in,9,l1,k4,9.6361489
m5_in,m4_in,9,l1,k4,9.6361489
source,m3_in,9,l1,k5,9.6321707
m3_in,m5_in,9,l1,k5,9.6321707
source,m1_in,11,l2,k4,9.6320237
m1_in,m1_q_l2,11,l2,k4,9.6320237
m1_q_l2,ss,11,l2,k4,9.6320237
source,m1_in,9,l2,k3,9.6302345
m1_in,m1_q_l2,9,l2,k3,9.6302345
m1_q_l2,ss,9,l2,k3,9.6302345
source,m8_in,5,l2,k1,9.629197
m8_in,m8_q_l2,5,l2,k1,9.629197
m8_q_l2,ss,5,l2,k1,9.629197
source,m3_in,10,l2,k4,9.6269628
m3_in,m3_q_l2,10,l2,k4,9.6269628
m3_q_l2,ss,10,l2,k4,9.6269628
source,m2_in,6,l1,k4,9.6030582
m2_in,m4_in,6,l1,k4,9.6030582
source,m5_in,7,l1,k4,9.6028658
m5_in,m4_in,7,l1,k4,9.6028658
source,m1_in,12,l2,k5,9.5894522
source,m7_in,4,l1,k4,9.5801307
m7_in,m4_in,4,l1,k4,9.5801307
source,m8_in,6,l1,k1,9.5702335
m8_in,m1_in,6,l1,k1,9.5702335
source,m8_in,3,l1,k4,9.5601997
m8_in,m4_in,3,l1,k4,9.5601997
source,m2_in,4,l2,k3,9.5519301
m2_in,m2_q_l2,4,l2,k3,9.5519301
m2_q_l2,ss,4,l2,k3,9.5519301
source,m7_in,12,l1,k2,9.5299327
source,m10_in,7,l1,k4,9.5258794
source,m5_in,5,l2,k5,9.5217055
m5_in,m9_in,5,l2,k5,9.5217055
source,m7_in,10,l2,k5,9.5161563
m7_in,m7_q_l2,10,l2,k5,9.5161563
m7_q_l2,ss,10,l2,k5,9.5161563
source,m6_in,1,l2,k1,9.5160794
m6_in,m6_q_l2,1,l2,k1,9.5160794
m6_q_l2,ss,1,l2,k1,9.5160794
m7_in,m3_in,8,l1,k3,9.5159231
source,m5_in,8,l2,k3,9.5091017
source,m1_in,4,l2,k1,9.5006849
m1_in,m6_in,4,l2,k1,9.5006849
source,m2_in,8,l2,k1,9.4697269
m2_in,m2_q_l2,8,l2,k1,9.4697269
m2_q_l2,ss,8,l2,k1,9.4697269
source,m4_in,12,l1,k4,9.4423802
source,m1_in,11,l1,k2,9.4398695
source,m10_in,1,l2,k5,9.4313019
m10_in,m10_q_l2,1,l2,k5,9.4313019
m10_q_l2,ss,1,l2,k5,9.4313019
source,m1_in,9,l2,k1,9.4150599
m1_in,m8_in,9,l2,k1,9.4150599
m7_in,m10_in,5,l1,k1,9.4129033
source,m3_in,12,l1,k1,9.3997464
source,m3_in,2,l1,k3,9.3894236
source,m4_in,1,l2,k4,9.3604189
m4_in,m2_in,1,l2,k4,9.3604189
source,m1_in,8,l1,k2,9.3526719
source,m3_in,9,l2,k2,9.3479244
m3_in,m3_q_l2,9,l2,k2,9.3479244
m3_q_l2,ss,9,l2,k2,9.3479244
source,m4_in,1,l2,k5,9.3454242
m4_in,m4_q_l2,1,l2,k5,9.3454242
m4_q_l2,ss,1,l2,k5,9.3454242
source,m2_in,1,l1,k3,9.3221422
m2_in,m3_in,1,l1,k3,9.3221422
source,m2_in,9,l1,k2,9.311654
source,m1_in,6,l1,k4,9.3095497
source,m6_in,6,l1,k3,9.2948845
m6_in,m3_in,6,l1,k3,9.2948845
source,m3_in,11,l2,k4,9.2908536
m3_in,m3_q_l2,11,l2,k4,9.2908536
m3_q_l2,ss,11,l2,k4,9.2908536
source,m5_in,10,l1,k3,9.2868786
m5_in,m3_in,10,l1,k3,9.2868786
source,m8_in,1,l2,k5,9.2867079
source,m8_in,8,l1,k4,9.2851017
m8_in,m4_in,8,l1,k4,9.2851017
source,m2_in,9,l2,k3,9.2689626
m2_in,m2_q_l2,9,l2,k3,9.2689626
m2_q_l2,ss,9,l2,k3,9.2689626
source,m8_in,10,l1,k1,9.2486161
m8_in,m1_in,10,l1,k1,9.2486161
source,m2_in,11,l2,k2,9.2442621
m2_in,m7_in,11,l2,k2,9.2442621
source,m7_in,6,l2,k2,9.227936
source,m10_in,6,l1,k4,9.1685013
m10_in,m10_q_l1,6,l1,k4,9.1685013
m10_q_l1,ss,6,l1,k4,9.1685013
source,m8_in,9,l1,k2,9.1626668
m8_in,m2_in,9,l1,k2,9.1626668
source,m9_in,5,l2,k5,9.1556842
source,m3_in,1,l2,k5,9.1551845
m3_in,m3_q_l2,1,l2,k5,9.1551845
m3_q_l2,ss,1,l2,k5,9.1551845
source,m9_in,3,l1,k1,9.1512082
m9_in,m1_in,3,l1,k1,9.1512082
source,m1_in,11,l1,k5,9.1471736
source,m8_in,12,l1,k1,9.131883
source,m6_in,2,l2,k2,9.1296683
m6_in,m6_q_l2,2,l2,k2,9.1296683
m6_q_l2,ss,2,l2,k2,9.1296683
source,m4_in,8,l2,k2,9.1248262
m4_in,m4_q_l2,8,l2,k2,9.1248262
m4_q_l2,ss,8,l2,k2,9.1248262
source,m9_in,9,l2,k5,9.1228288
m9_in,m9_q_l2,9,l2,k5,9.1228288
m9_q_l2,ss,9,l2,k5,9.1228288
source,m4_in,5,l2,k3,9.1208866
m4_in,m4_q_l2,5,l2,k3,9.1208866
m4_q_l2,ss,5,l2,k3,9.1208866
source,m3_in,5,l1,k3,9.1187855
source,m6_in,10,l1,k5,9.1051004
m6_in,m10_in,10,l1,k5,9.1051004
source,m6_in,8,l1,k4,9.1018881
m6_in,m4_in,8,l1,k4,9.1018881
m1_in,m4_in,3,l1,k4,9.1003625
source,m10_in,10,l2,k2,9.0982461
m10_in,m10_q_l2,10,l2,k2,9.0982461
m10_q_l2,ss,10,l2,k2,9.0982461
source,m9_in,7,l1,k5,9.092986
m9_in,m5_in,7,l1,k5,9.092986
source,m5_in,3,l1,k4,9.0899665
m5_in,m4_in,3,l1,k4,9.0899665
source,m6_in,3,l2,k5,9.0882398
source,m1_in,3,l1,k3,9.0855444
source,m6_in,5,l1,k2,9.0807775
m6_in,m2_in,5,l1,k2,9.0807775
source,m8_in,6,l2,k2,9.0592749
m8_in,m8_q_l2,6,l2,k2,9.0592749
m8_q_l2,ss,6,l2,k2,9.0592749
source,m7_in,2,l1,k1,9.0475946
m7_in,m1_in,2,l1,k1,9.0475946
source,m7_in,1,l1,k2,9.0419283
m7_in,m2_in,1,l1,k2,9.0419283
source,m9_in,2,l1,k1,9.0301523
m9_in,m1_in,2,l1,k1,9.0301523
source,m4_in,5,l1,k4,9.0239894
source,m2_in,1,l1,k2,9.0236783
source,m2_in,3,l2,k5,9.0216045
m2_in,m2_q_l2,3,l2,k5,9.0216045
m2_q_l2,ss,3,l2,k5,9.0216045
source,m3_in,1,l1,k3,9.0074362
source,m8_in,1,l1,k5,8.9981857
m8_in,m5_in,1,l1,k5,8.9981857
source,m8_in,10,l1,k3,8.9838251
m8_in,m3_in,10,l1,k3,8.9838251
source,m8_in,2,l2,k2,8.9695397
source,m5_in,3,l2,k2,8.9637331
m5_in,m5_q_l2,3,l2,k2,8.9637331
m5_q_l2,ss,3,l2,k2,8.9637331
source,m4_in,12,l1,k3,8.9630926
source,m5_in,5,l1,k2,8.9587559
source,m8_in,12,l1,k5,8.9583205
source,m6_in,6,l2,k3,8.9546072
m6_in,m6_q_l2,6,l2,k3,8.9546072
m6_q_l2,ss,6,l2,k3,8.9546072
source,m1_in,7,l1,k5,8.9470339
m1_in,m5_in,7,l1,k5,8.9470339
source,m5_in,10,l1,k2,8.9453866
source,m9_in,3,l2,k3,8.9361284
m9_in,m9_q_l2,3,l2,k3,8.9361284
m9_q_l2,ss,3,l2,k3,8.9361284
source,m3_in,4,l1,k1,8.9334957
m3_in,m1_in,4,l1,k1,8.9334957
source,m10_in,6,l2,k1,8.9330261
m10_in,m10_q_l2,6,l2,k1,8.9330261
m10_q_l2,ss,6,l2,k1,8.9330261
source,m5_in,5,l1,k5,8.9305207
source,m6_in,8,l2,k1,8.9282826
m6_in,m6_q_l2,8,l2,k1,8.9282826
m6_q_l2,ss,8,l2,k1,8.9282826
source,m4_in,4,l2,k5,8.9278524
m4_in,m4_q_l2,4,l2,k5,8.9278524
m4_q_l2,ss,4,l2,k5,8.9278524
source,m1_in,6,l1,k1,8.906674
source,m8_in,12,l1,k2,8.8999276
source,m2_in,7,l2,k4,8.8783978
source,m8_in,2,l2,k4,8.8612513
m8_in,m8_q_l2,2,l2,k4,8.8612513
m8_q_l2,ss,2,l2,k4,8.8612513
source,m7_in,11,l2,k3,8.8587353
m7_in,m7_q_l2,11,l2,k3,8.8587353
m7_q_l2,ss,11,l2,k3,8.8587353
m10_in,m10_q_l1,5,l1,k4,8.8485741
m10_q_l1,ss,5,l1,k4,8.8485741
source,m2_in,8,l1,k1,8.8274962
m2_in,m1_in,8,l1,k1,8.8274962
m10_in,m10_q_l1,1,l1,k2,8.8157549
m10_q_l1,ss,1,l1,k2,8.8157549
source,m6_in,4,l1,k5,8.8062245
m6_in,m5_in,4,l1,k5,8.8062245
source,m4_in,8,l1,k3,8.7991647
m4_in,m3_in,8,l1,k3,8.7991647
source,m4_in,8,l2,k3,8.7975376
m4_in,m4_q_l2,8,l2,k3,8.7975376
m4_q_l2,ss,8,l2,k3,8.7975376
source,m7_in,9,l1,k5,8.779692
m7_in,m5_in,9,l1,k5,8.779692
source,m4_in,9,l2,k1,8.7794396
m4_in,m4_q_l2,9,l2,k1,8.7794396
m4_q_l2,ss,9,l2,k1,8.7794396
source,m2_in,2,l1,k1,8.7689969
m2_in,m1_in,2,l1,k1,8.7689969
m10_in,m1_in,3,l1,k1,8.7683244
source,m5_in,5,l1,k1,8.7620148
m5_in,m1_in,5,l1,k1,8.7620148
source,m4_in,3,l2,k3,8.7373744
m4_in,m4_q_l2,3,l2,k3,8.7373744
m4_q_l2,ss,3,l2,k3,8.7373744
source,m3_in,6,l1,k5,8.726319
m3_in,m5_in,6,l1,k5,8.726319
source,m5_in,9,l2,k5,8.7202295
m5_in,m3_in,9,l2,k5,8.7202295
source,m9_in,10,l2,k4,8.7072538
m9_in,m9_q_l2,10,l2,k4,8.7072538
m9_q_l2,ss,10,l2,k4,8.7072538
source,m4_in,2,l1,k1,8.7044187
m4_in,m1_in,2,l1,k1,8.7044187
source,m6_in,1,l2,k3,8.6973777
m6_in,m6_q_l2,1,l2,k3,8.6973777
m6_q_l2,ss,1,l2,k3,8.6973777
m8_in,m10_in,7,l1,k3,8.6836148
source,m8_in,2,l1,k1,8.6702572
m8_in,m1_in,2,l1,k1,8.6702572
source,m1_in,2,l1,k3,8.6644618
source,m7_in,12,l2,k2,8.6591406
source,m6_in,10,l2,k5,8.645483
m6_in,m6_q_l2,10,l2,k5,8.645483
m6_q_l2,ss,10,l2,k5,8.645483
source,m7_in,7,l2,k2,8.644449
m7_in,m7_q_l2,7,l2,k2,8.644449
m7_q_l2,ss,7,l2,k2,8.644449
source,m9_in,6,l2,k3,8.6226329
m9_in,m9_q_l2,6,l2,k3,8.6226329
m9_q_l2,ss,6,l2,k3,8.6226329
source,m1_in,2,l1,k2,8.6093063
m1_in,m1_q_l1,2,l1,k2,8.6093063
m1_q_l1,ss,2,l1,k2,8.6093063
source,m3_in,12,l2,k2,8.6057446
source,m8_in,2,l1,k4,8.5930681
m8_in,m4_in,2,l1,k4,8.5930681
source,m7_in,6,l1,k5,8.5831854
m7_in,m5_in,6,l1,k5,8.5831854
source,m9_in,3,l2,k2,8.5760206
m9_in,m9_q_l2,3,l2,k2,8.5760206
m9_q_l2,ss,3,l2,k2,8.5760206
source,m10_in,8,l1,k3,8.5680451
m10_in,m3_in,8,l1,k3,8.5680451
source,m9_in,9,l2,k4,8.5661526
source,m6_in,8,l1,k1,8.5572638
source,m2_in,5,l1,k1,8.5460887
m2_in,m1_in,5,l1,k1,8.5460887
source,m5_in,6,l2,k2,8.5451706
m5_in,m5_q_l2,6,l2,k2,8.5451706
m5_q_l2,ss,6,l2,k2,8.5451706
source,m5_in,8,l2,k1,8.5412695
m5_in,m5_q_l2,8,l2,k1,8.5412695
m5_q_l2,ss,8,l2,k1,8.5412695
source,m1_in,12,l2,k1,8.5360699
source,m8_in,9,l1,k4,8.520894
m8_in,m4_in,9,l1,k4,8.520894
source,m2_in,9,l1,k3,8.4987628
m2_in,m3_in,9,l1,k3,8.4987628
source,m2_in,10,l2,k5,8.4603206
m2_in,m2_q_l2,10,l2,k5,8.4603206
m2_q_l2,ss,10,l2,k5,8.4603206
m1_in,m1_q_l1,6,l1,k2,8.4505439
m1_q_l1,ss,6,l1,k2,8.4505439
source,m9_in,11,l2,k3,8.4500547
m9_in,m9_q_l2,11,l2,k3,8.4500547
m9_q_l2,ss,11,l2,k3,8.4500547
source,m6_in,2,l1,k3,8.4332883
m6_in,m3_in,2,l1,k3,8.4332883
source,m6_in,3,l1,k1,8.4231949
m6_in,m1_in,3,l1,k1,8.4231949
source,m10_in,2,l1,k1,8.4186135
m10_in,m1_in,2,l1,k1,8.4186135
source,m6_in,2,l2,k5,8.4018626
m6_in,m6_q_l2,2,l2,k5,8.4018626
m6_q_l2,ss,2,l2,k5,8.4018626
source,m4_in,3,l1,k2,8.3980907
m4_in,m2_in,3,l1,k2,8.3980907
source,m3_in,9,l2,k4,8.3732604
m3_in,m3_q_l2,9,l2,k4,8.3732604
m3_q_l2,ss,9,l2,k4,8.3732604
source,m10_in,5,l1,k5,8.3662825
m10_in,m10_q_l1,5,l1,k5,8.3662825
m10_q_l1,ss,5,l1,k5,8.3662825
source,m7_in,4,l1,k2,8.3629953
m7_in,m2_in,4,l1,k2,8.3629953
source,m1_in,4,l2,k5,8.3624923
m1_in,m1_q_l2,4,l2,k5,8.3624923
m1_q_l2,ss,4,l2,k5,8.3624923
source,m1_in,6,l1,k3,8.3596473
m1_in,m1_q_l1,6,l1,k3,8.3596473
m1_q_l1,ss,6,l1,k3,8.3596473
source,m7_in,2,l2,k5,8.3592741
m7_in,m7_q_l2,2,l2,k5,8.3592741
m7_q_l2,ss,2,l2,k5,8.3592741
source,m3_in,2,l2,k3,8.3548332
m3_in,m9_in,2,l2,k3,8.3548332
m10_in,m3_in,10,l1,k3,8.3510503
source,m5_in,1,l2,k5,8.3339471
m5_in,m8_in,1,l2,k5,8.3339471
source,m9_in,7,l1,k4,8.3249263
m9_in,m4_in,7,l1,k4,8.3249263
source,m3_in,11,l1,k3,8.2996081
source,m9_in,1,l1,k5,8.2770037
m9_in,m5_in,1,l1,k5,8.2770037
source,m2_in,6,l1,k1,8.2578126
m2_in,m1_in,6,l1,k1,8.2578126
source,m6_in,4,l2,k5,8.2365078
m6_in,m6_q_l2,4,l2,k5,8.2365078
m6_q_l2,ss,4,l2,k5,8.2365078
source,m3_in,1,l2,k1,8.2241291
m3_in,m3_q_l2,1,l2,k1,8.2241291
m3_q_l2,ss,1,l2,k1,8.2241291
source,m10_in,7,l2,k3,8.2056534
m10_in,m10_q_l2,7,l2,k3,8.2056534
m10_q_l2,ss,7,l2,k3,8.2056534
m10_in,m10_q_l1,5,l1,k2,8.164984
m10_q_l1,ss,5,l1,k2,8.164984
source,m6_in,11,l1,k3,8.154254
m6_in,m3_in,11,l1,k3,8.154254
source,m8_in,1,l2,k2,8.1504733
m8_in,m8_q_l2,1,l2,k2,8.1504733
m8_q_l2,ss,1,l2,k2,8.1504733
source,m9_in,11,l2,k4,8.1411744
m9_in,m9_q_l2,11,l2,k4,8.1411744
m9_q_l2,ss,11,l2,k4,8.1411744
source,m9_in,7,l2,k2,8.1318614
source,m2_in,2,l2,k3,8.120759
m2_in,m2_q_l2,2,l2,k3,8.120759
m2_q_l2,ss,2,l2,k3,8.120759
source,m10_in,2,l1,k4,8.1079991
source,m4_in,1,l1,k4,8.107615
source,m4_in,11,l1,k2,8.10259
m4_in,m1_in,11,l1,k2,8.10259
source,m9_in,12,l1,k3,8.0922335
source,m5_in,10,l2,k1,8.0890594
m5_in,m5_q_l2,10,l2,k1,8.0890594
m5_q_l2,ss,10,l2,k1,8.0890594
m6_in,m1_in,9,l1,k1,8.0730058
source,m1_in,4,l1,k1,8.0714126
source,m8_in,3,l2,k4,8.0655199
m8_in,m8_q_l2,3,l2,k4,8.0655199
m8_q_l2,ss,3,l2,k4,8.0655199
source,m7_in,3,l1,k1,8.05814
m7_in,m1_in,3,l1,k1,8.05814
source,m7_in,6,l1,k3,8.0404559
m7_in,m3_in,6,l1,k3,8.0404559
m10_in,m10_q_l1,6,l1,k5,8.0103543
m10_q_l1,ss,6,l1,k5,8.0103543
source,m5_in,5,l2,k1,8.0099779
m5_in,m5_q_l2,5,l2,k1,8.0099779
m5_q_l2,ss,5,l2,k1,8.0099779
source,m9_in,6,l1,k4,7.9891242
m9_in,m4_in,6,l1,k4,7.9891242
source,m8_in,4,l1,k1,7.9870889
m8_in,m1_in,4,l1,k1,7.9870889
m1_in,m1_q_l1,2,l1,k5,7.964534
m1_q_l1,ss,2,l1,k5,7.964534
source,m9_in,9,l1,k1,7.9379758
m9_in,m1_in,9,l1,k1,7.9379758
m8_in,m1_in,1,l1,k1,7.929438
source,m7_in,1,l2,k1,7.9059222
source,m5_in,2,l1,k2,7.8998355
m5_in,m2_in,2,l1,k2,7.8998355
m5_in,m2_in,10,l1,k2,7.8987355
source,m5_in,7,l2,k3,7.8756508
m5_in,m5_q_l2,7,l2,k3,7.8756508
m5_q_l2,ss,7,l2,k3,7.8756508
source,m7_in,8,l2,k2,7.8686503
m7_in,m7_q_l2,8,l2,k2,7.8686503
m7_q_l2,ss,8,l2,k2,7.8686503
source,m10_in,11,l2,k1,7.8580551
m10_in,m10_q_l2,11,l2,k1,7.8580551
m10_q_l2,ss,11,l2,k1,7.8580551
source,m8_in,7,l2,k2,7.856206
m8_in,m8_q_l2,7,l2,k2,7.856206
m8_q_l2,ss,7,l2,k2,7.856206
source,m9_in,4,l1,k2,7.8378288
m9_in,m2_in,4,l1,k2,7.8378288
source,m9_in,3,l1,k3,7.8307444
m9_in,m3_in,3,l1,k3,7.8307444
source,m7_in,7,l2,k3,7.8224463
m7_in,m7_q_l2,7,l2,k3,7.8224463
m7_q_l2,ss,7,l2,k3,7.8224463
source,m1_in,6,l2,k4,7.8082128
m1_in,m1_q_l2,6,l2,k4,7.8082128
m1_q_l2,ss,6,l2,k4,7.8082128
source,m5_in,8,l1,k4,7.7976905
m5_in,m4_in,8,l1,k4,7.7976905
source,m7_in,10,l1,k4,7.7932699
m7_in,m4_in,10,l1,k4,7.7932699
source,m7_in,4,l1,k5,7.7699924
m7_in,m5_in,4,l1,k5,7.7699924
source,m4_in,3,l1,k5,7.7649813
m4_in,m5_in,3,l1,k5,7.7649813
source,m8_in,10,l2,k5,7.7506396
m1_in,m1_q_l1,9,l1,k5,7.7150812
m1_q_l1,ss,9,l1,k5,7.7150812
source,m8_in,11,l1,k3,7.6920797
m8_in,m3_in,11,l1,k3,7.6920797
source,m6_in,8,l2,k5,7.6866479
m6_in,m6_q_l2,8,l2,k5,7.6866479
m6_q_l2,ss,8,l2,k5,7.6866479
source,m2_in,9,l1,k5,7.6838934
m2_in,m5_in,9,l1,k5,7.6838934
source,m3_in,7,l1,k2,7.6815871
m3_in,m2_in,7,l1,k2,7.6815871
source,m1_in,4,l1,k4,7.6803358
source,m9_in,9,l1,k2,7.6447182
m9_in,m2_in,9,l1,k2,7.6447182
source,m7_in,9,l1,k4,7.6401813
m7_in,m4_in,9,l1,k4,7.6401813
source,m8_in,4,l1,k2,7.6329148
m8_in,m2_in,4,l1,k2,7.6329148
m6_in,m5_in,3,l1,k5,7.6264691
source,m4_in,4,l2,k3,7.6188465
m4_in,m4_q_l2,4,l2,k3,7.6188465
m4_q_l2,ss,4,l2,k3,7.6188465
source,m3_in,7,l1,k1,7.6164681
m3_in,m1_in,7,l1,k1,7.6164681
source,m3_in,12,l2,k1,7.6152796
source,m5_in,6,l2,k3,7.5961816
source,m4_in,11,l1,k4,7.5838313
source,m7_in,7,l1,k5,7.5830728
m7_in,m5_in,7,l1,k5,7.5830728
source,m4_in,5,l1,k1,7.5785238
m4_in,m1_in,5,l1,k1,7.5785238
source,m7_in,12,l2,k4,7.562577
source,m5_in,12,l1,k1,7.5621277
source,m2_in,1,l2,k5,7.4730713
m2_in,m2_q_l2,1,l2,k5,7.4730713
m2_q_l2,ss,1,l2,k5,7.4730713
source,m3_in,9,l1,k2,7.3865628
m3_in,m2_in,9,l1,k2,7.3865628
source,m5_in,1,l1,k4,7.3592346
m5_in,m4_in,1,l1,k4,7.3592346
source,m5_in,6,l2,k1,7.335324
m5_in,m5_q_l2,6,l2,k1,7.335324
m5_q_l2,ss,6,l2,k1,7.335324
source,m8_in,7,l2,k4,7.2979846
m8_in,m8_q_l2,7,l2,k4,7.2979846
m8_q_l2,ss,7,l2,k4,7.2979846
m1_in,m1_q_l1,10,l1,k5,7.2805753
m1_q_l1,ss,10,l1,k5,7.2805753
m10_in,m10_q_l1,9,l1,k3,7.2511524
m10_q_l1,ss,9,l1,k3,7.2511524
source,m7_in,3,l2,k1,7.2403146
m7_in,m7_q_l2,3,l2,k1,7.2403146
m7_q_l2,ss,3,l2,k1,7.2403146
source,m2_in,9,l2,k5,7.2206584
m2_in,m2_q_l2,9,l2,k5,7.2206584
m2_q_l2,ss,9,l2,k5,7.2206584
source,m5_in,8,l1,k1,7.2026589
m5_in,m1_in,8,l1,k1,7.2026589
m10_in,m4_in,9,l1,k4,7.1925815
source,m5_in,4,l2,k2,7.1822121
m5_in,m5_q_l2,4,l2,k2,7.1822121
m5_q_l2,ss,4,l2,k2,7.1822121
m1_in,m3_in,2,l1,k3,7.132336
m5_in,m10_in,4,l1,k1,7.0925972
m6_in,m10_in,9,l1,k1,7.0556759
source,m3_in,7,l1,k5,7.0314634
m3_in,m5_in,7,l1,k5,7.0314634
m10_in,m10_q_l1,2,l1,k4,7.014041
m10_q_l1,ss,2,l1,k4,7.014041
source,m2_in,12,l1,k5,7.0071357
source,m5_in,12,l1,k4,6.9952643
m5_in,m1_in,4,l1,k1,6.9922284
source,m2_in,5,l1,k2,6.9788434
m4_in,m1_in,10,l1,k1,6.9688243
source,m9_in,4,l1,k5,6.9661474
m9_in,m5_in,4,l1,k5,6.9661474
m10_in,m2_in,4,l1,k2,6.9110004
source,m4_in,12,l2,k3,6.881974
m8_in,m5_in,5,l1,k5,6.8660771
source,m9_in,1,l2,k3,6.8475169
m9_in,m9_q_l2,1,l2,k3,6.8475169
m9_q_l2,ss,1,l2,k3,6.8475169
source,m10_in,2,l2,k4,6.8170456
m10_in,m10_q_l2,2,l2,k4,6.8170456
m10_q_l2,ss,2,l2,k4,6.8170456
source,m10_in,10,l2,k3,6.8124298
m10_in,m10_q_l2,10,l2,k3,6.8124298
m10_q_l2,ss,10,l2,k3,6.8124298
source,m2_in,4,l2,k1,6.7845456
m2_in,m2_q_l2,4,l2,k1,6.7845456
m2_q_l2,ss,4,l2,k1,6.7845456
source,m2_in,8,l2,k2,6.784027
m2_in,m5_in,8,l2,k2,6.784027
source,m10_in,12,l2,k4,6.7776359
source,m10_in,5,l2,k5,6.7573407
m10_in,m10_q_l2,5,l2,k5,6.7573407
m10_q_l2,ss,5,l2,k5,6.7573407
m10_in,m4_in,5,l1,k4,6.7385623
source,m3_in,1,l2,k4,6.7318482
m3_in,m3_q_l2,1,l2,k4,6.7318482
m3_q_l2,ss,1,l2,k4,6.7318482
source,m8_in,5,l1,k4,6.7257601
m8_in,m4_in,5,l1,k4,6.7257601
source,m8_in,9,l1,k1,6.7004929
m8_in,m1_in,9,l1,k1,6.7004929
m6_in,m1_in,7,l1,k1,6.654212
source,m3_in,7,l2,k1,6.6122638
m3_in,m3_q_l2,7,l2,k1,6.6122638
m3_q_l2,ss,7,l2,k1,6.6122638
m5_in,m2_in,5,l1,k2,6.5772908
m6_in,m10_in,6,l1,k1,6.5578583
source,m2_in,8,l1,k2,6.5565013
source,m2_in,7,l1,k4,6.5423645
m2_in,m4_in,7,l1,k4,6.5423645
source,m6_in,6,l1,k5,6.5386183
m6_in,m5_in,6,l1,k5,6.5386183
source,m9_in,8,l1,k1,6.5077503
m9_in,m1_in,8,l1,k1,6.5077503
source,m4_in,2,l1,k3,6.4999197
m4_in,m3_in,2,l1,k3,6.4999197
source,m5_in,2,l1,k1,6.47546
m5_in,m1_in,2,l1,k1,6.47546
source,m2_in,7,l1,k5,6.4274499
m2_in,m5_in,7,l1,k5,6.4274499
source,m8_in,9,l1,k5,6.4201814
m8_in,m5_in,9,l1,k5,6.4201814
m6_in,m1_in,6,l1,k1,6.4037618
source,m4_in,2,l1,k5,6.3885722
m4_in,m5_in,2,l1,k5,6.3885722
source,m3_in,4,l1,k2,6.3875509
m3_in,m2_in,4,l1,k2,6.3875509
source,m3_in,1,l2,k3,6.3411633
m3_in,m1_in,1,l2,k3,6.3411633
source,m2_in,7,l2,k1,6.3127843
source,m1_in,10,l1,k4,6.2672386
source,m5_in,8,l1,k3,6.2485486
m5_in,m3_in,8,l1,k3,6.2485486
source,m6_in,2,l2,k1,6.2458052
m6_in,m6_q_l2,2,l2,k1,6.2458052
m6_q_l2,ss,2,l2,k1,6.2458052
m10_in,m3_in,6,l1,k3,6.1903923
source,m9_in,8,l2,k5,6.1339087
m9_in,m9_q_l2,8,l2,k5,6.1339087
m9_q_l2,ss,8,l2,k5,6.1339087
m8_in,m1_in,5,l1,k5,6.1005942
m10_in,m3_in,9,l1,k3,6.0662281
source,m7_in,6,l2,k5,6.0309504
m7_in,m7_q_l2,6,l2,k5,6.0309504
m7_q_l2,ss,6,l2,k5,6.0309504
source,m10_in,1,l2,k1,6.0089235
m10_in,m10_q_l2,1,l2,k1,6.0089235
m10_q_l2,ss,1,l2,k1,6.0089235
source,m1_in,2,l1,k1,5.952086
source,m6_in,5,l2,k2,5.9426072
m6_in,m6_q_l2,5,l2,k2,5.9426072
m6_q_l2,ss,5,l2,k2,5.9426072
source,m1_in,11,l1,k3,5.8814335
m1_in,m3_in,11,l1,k3,5.8814335
source,m10_in,5,l1,k2,5.7835189
m10_in,m10_q_l1,1,l1,k4,5.7155233
m10_q_l1,ss,1,l1,k4,5.7155233
source,m4_in,7,l1,k5,5.62251
m4_in,m5_in,7,l1,k5,5.62251
m10_in,m2_in,3,l1,k2,5.6037904
source,m3_in,8,l1,k4,5.5906342
m3_in,m4_in,8,l1,k4,5.5906342
m1_in,m4_in,6,l1,k4,5.5687034
m10_in,m10_q_l1,9,l1,k4,5.5433732
m10_q_l1,ss,9,l1,k4,5.5433732
m8_in,m3_in,7,l1,k3,5.4779165
source,m8_in,9,l1,k3,5.4248295
m8_in,m3_in,9,l1,k3,5.4248295
source,m6_in,1,l1,k4,5.4043799
m6_in,m4_in,1,l1,k4,5.4043799
source,m2_in,6,l1,k5,5.3663888
m2_in,m5_in,6,l1,k5,5.3663888
m10_in,m10_q_l1,7,l1,k4,5.2407735
m10_q_l1,ss,7,l1,k4,5.2407735
source,m5_in,11,l2,k3,5.227049
m5_in,m5_q_l2,11,l2,k3,5.227049
m5_q_l2,ss,11,l2,k3,5.227049
m1_in,m2_in,8,l1,k2,5.2041731
source,m5_in,8,l2,k4,5.1341303
m5_in,m5_q_l2,8,l2,k4,5.1341303
m5_q_l2,ss,8,l2,k4,5.1341303
m10_in,m10_q_l1,4,l1,k2,5.1162796
m10_q_l1,ss,4,l1,k2,5.1162796
source,m4_in,3,l2,k4,5.1142134
m4_in,m7_in,3,l2,k4,5.1142134
m1_in,m5_in,10,l1,k5,5.1066239
source,m2_in,3,l2,k3,5.0384998
m2_in,m2_q_l2,3,l2,k3,5.0384998
m2_q_l2,ss,3,l2,k3,5.0384998
source,m2_in,10,l1,k5,4.9058576
m2_in,m5_in,10,l1,k5,4.9058576
m1_in,m1_q_l1,9,l1,k2,4.7447315
m1_q_l1,ss,9,l1,k2,4.7447315
m6_in,m1_in,8,l1,k1,4.7282226
m1_in,m1_q_l1,3,l1,k3,4.6534704
m1_q_l1,ss,3,l1,k3,4.6534704
m9_in,m1_in,11,l1,k5,4.6044394
source,m10_in,2,l1,k2,4.542534
source,m3_in,10,l2,k5,4.4897366
m3_in,m3_q_l2,10,l2,k5,4.4897366
m3_q_l2,ss,10,l2,k5,4.4897366
source,m10_in,5,l2,k2,4.4337448
m10_in,m10_q_l2,5,l2,k2,4.4337448
m10_q_l2,ss,5,l2,k2,4.4337448
m1_in,m3_in,3,l1,k3,4.4320741
m10_in,m10_q_l1,3,l1,k2,4.4175598
m10_q_l1,ss,3,l1,k2,4.4175598
m10_in,m10_q_l1,2,l1,k2,4.4169979
m10_q_l1,ss,2,l1,k2,4.4169979
source,m3_in,10,l2,k1,4.3282641
m3_in,m3_q_l2,10,l2,k1,4.3282641
m3_q_l2,ss,10,l2,k1,4.3282641
m10_in,m4_in,7,l1,k4,4.2851059
m10_in,m4_in,1,l1,k4,4.1914841
m1_in,m1_q_l1,8,l1,k2,4.1484988
m1_q_l1,ss,8,l1,k2,4.1484988
m1_in,m1_q_l1,4,l1,k4,4.0064871
m1_q_l1,ss,4,l1,k4,4.0064871
source,m6_in,4,l2,k1,3.9287576
m6_in,m10_in,8,l1,k1,3.8290412
m1_in,m2_in,6,l1,k2,3.7508538
m1_in,m1_q_l1,6,l1,k4,3.7408464
m1_q_l1,ss,6,l1,k4,3.7408464
m6_in,m10_in,7,l1,k1,3.7125853
source,m6_in,9,l2,k4,3.7057284
m6_in,m6_q_l2,9,l2,k4,3.7057284
m6_q_l2,ss,9,l2,k4,3.7057284
m1_in,m4_in,4,l1,k4,3.6738487
m7_in,m1_in,5,l1,k1,3.607729
m1_in,m1_q_l1,8,l1,k5,3.5274928
m1_q_l1,ss,8,l1,k5,3.5274928
m2_in,m1_in,11,l1,k1,3.4586692
source,m2_in,5,l2,k1,3.2094676
m2_in,m2_q_l2,5,l2,k1,3.2094676
m2_q_l2,ss,5,l2,k1,3.2094676
m10_in,m2_in,1,l1,k2,3.0698294
m1_in,m5_in,2,l1,k5,3.060077
m6_in,m1_in,3,l1,k5,3.0560319
m10_in,m10_q_l1,4,l1,k5,2.9376189
m10_q_l1,ss,4,l1,k5,2.9376189
m8_in,m10_in,1,l1,k1,2.6739347
m10_in,m10_q_l1,3,l1,k1,2.6115903
m10_q_l1,ss,3,l1,k1,2.6115903
m5_in,m10_in,5,l1,k2,2.3814651
m2_in,m4_in,10,l1,k4,2.1646083
m1_in,m5_in,9,l1,k5,1.9648384
m10_in,m5_in,6,l1,k5,1.936501
m2_in,m5_in,8,l1,k5,1.8829265
m7_in,m1_in,8,l1,k3,1.8123672
m1_in,m3_in,5,l1,k3,1.7507882
m1_in,m1_q_l1,3,l1,k4,1.747456
m1_q_l1,ss,3,l1,k4,1.747456
m10_in,m4_in,8,l1,k4,1.687977
m1_in,m1_q_l1,2,l1,k3,1.5321258
m1_q_l1,ss,2,l1,k3,1.5321258
m10_in,m10_q_l1,10,l1,k3,1.436263
m10_q_l1,ss,10,l1,k3,1.436263
m10_in,m4_in,2,l1,k4,1.0939581
m5_in,m10_in,10,l1,k2,1.0466511
m2_in,m10_in,11,l1,k3,0.73505509
m10_in,m3_in,4,l1,k3,0.6380388
m7_in,m3_in,1,l1,k3,0.49157328
m3_in,m10_in,1,l1,k5,0.48612425
m10_in,m10_q_l1,7,l1,k2,0.31298392
m10_q_l1,ss,7,l1,k2,0.31298392
m10_in,m10_q_l1,11,l1,k2,0.24050216
m10_q_l1,ss,11,l1,k2,0.24050216
m10_in,m2_in,2,l1,k2,0.12553607
m3_in,m4_in,11,l1,k4,0.040876062
